"crypto_name","count(trade_date)"
"","158849"
" Governance","84"
" HBZ coin","449"
" Maxcoin","1730"
" Token","704"
"#MetaHash","602"
"01coin","42"
"0cash","209"
"0chain","838"
"0x","1158"
"0xBitcoin","852"
"0xcert","817"
"12Ships","408"
"1AI Token","281"
"1Million Token","173"
"1SG","592"
"1World","916"
"1X Short Ethereum Token","85"
"1X2 COIN","524"
"1irstGold","323"
"1irstcoin","556"
"1x Long Bitcoin Implied Volatility Token","169"
"1x Short Bitcoin Token","142"
"2GIVE","1607"
"2key.network","157"
"3DCoin","276"
"3X Long Algorand Token","85"
"3X Long Altcoin Index Token","84"
"3X Long BNB Token","221"
"3X Long BitMax Token Token","85"
"3X Long Bitcoin Token","274"
"3X Long Cardano Token","85"
"3X Long Chainlink Token","85"
"3X Long Cosmos Token","84"
"3X Long Dogecoin Token","83"
"3X Long Dragon Index Token","85"
"3X Long Ethereum Classic Token","85"
"3X Long Ethereum Token","254"
"3X Long Huobi Token Token","85"
"3X Long Matic Token","85"
"3X Long Midcap Index Token","84"
"3X Long OKB Token","84"
"3X Long Shitcoin Index Token","84"
"3X Long Sushi Token","42"
"3X Long TRX Token","206"
"3X Long Tether Gold Token","76"
"3X Long TomoChain Token","85"
"3X Short Algorand Token","85"
"3X Short BNB Token","222"
"3X Short Bitcoin Token","276"
"3X Short Cardano Token","84"
"3X Short Chainlink Token","85"
"3X Short Cosmos Token","86"
"3X Short Dogecoin Token","84"
"3X Short Ethereum Classic Token","84"
"3X Short Ethereum Token","255"
"3X Short Matic Token","84"
"3X Short Sushi Token","42"
"3X Short TRX Token","204"
"3X Short Tether Gold Token","76"
"3X Short TomoChain Token","85"
"3x Long Bitcoin Cash Token","185"
"3x Long Bitcoin SV Token","185"
"3x Long EOS Token","186"
"3x Long Litecoin Token","184"
"3x Long Tezos Token","179"
"3x Long XRP Token","186"
"3x Short Bitcoin Cash Token","184"
"3x Short Bitcoin SV Token","185"
"3x Short EOS Token","186"
"3x Short Litecoin Token","185"
"3x Short Tezos Token","180"
"3x Short XRP Token","186"
"42-coin","1709"
"4ART Coin","85"
"4NEW","774"
"4THPILLAR TECHNOLOGIES","87"
"7Eleven","360"
"888tron","79"
"8X8 PROTOCOL","157"
"999","302"
"AAX Token","179"
"ABBC Coin","727"
"ABCC Token","551"
"AC3","879"
"ACChain","638"
"ACE","85"
"ACE (TokenStars)","1016"
"ACoconut","14"
"ADADOWN","48"
"ADAMANT Messenger","633"
"ADAUP","48"
"AEN Smart Token","88"
"AERUM","151"
"AGA Token","76"
"AI Crypto","84"
"AI Doctor","1005"
"AICHAIN","993"
"AICON","84"
"AIDUS TOKEN","577"
"AK12","166"
"ALA","202"
"ALAX","830"
"ALBOS","315"
"ALIS","837"
"ALL BEST ICO","319"
"ALLCOIN","277"
"ALLUVA","296"
"ALLY","87"
"ALP Coin","362"
"ALQO","1057"
"AMATEN","185"
"AML Bitcoin","89"
"AMLT","925"
"AMO Coin","742"
"ANON","743"
"AOS","89"
"APEcoin","21"
"APIS","620"
"APIX","241"
"APR Coin","879"
"ARAW","567"
"ARBITRAGE","237"
"ARCS","261"
"ARMTOKEN","164"
"ARPA Chain","451"
"ARbit","1484"
"AS Roma Fan Token","84"
"ASD","625"
"ASKO","85"
"ASTA","76"
"ASYAGRO","171"
"ATBCoin","1121"
"ATC Coin","940"
"ATLANT","1074"
"ATMChain","1032"
"ATN","1000"
"ATTN","52"
"AVCCOIN","78"
"AVINOC","425"
"AXE","523"
"AXEL","73"
"AXPR","179"
"AZBI CORE","61"
"Aave","452"
"Aavegotchi","26"
"Aavegotchi GHST Token","6"
"Abitshadow Token","179"
"Absolute","667"
"Abulaba","749"
"Abyss","479"
"Acash Coin","220"
"AceD","804"
"Aces","1296"
"Achain","1115"
"Acoin","1348"
"Actinium","735"
"Acuity Token","21"
"Acute Angle Cloud","997"
"AdCoin","796"
"AdEx Network","1201"
"AdHive","890"
"AdShares","1149"
"Add.xyz","21"
"Adelphoi","933"
"Aditus","898"
"AdsByWiFi","209"
"AdultChain","464"
"Advanced Internet Blocks","1622"
"Advanced Technology Coin","1457"
"Adzcoin","1749"
"Aegeus","491"
"Aeon","1747"
"Aergo","666"
"Aeron","1066"
"Aerotoken","330"
"Aeryus","87"
"Aeternity","1229"
"Affil Coin","183"
"Afri Union Coin","75"
"AfroDex","153"
"AgaveCoin","568"
"Agora","369"
"Agoras Tokens","579"
"Agrello","1128"
"Agrocoin","405"
"Agrolot","670"
"AiLink Token","759"
"AidCoin","987"
"Aidos Kuneen","1114"
"Aigang","996"
"Aion","1086"
"AirSwap","1094"
"AirWire","721"
"Airbloc","787"
"Airline & Life Networking Token","327"
"Aitheon","391"
"Aitra","21"
"Akash Network","6"
"Akroma","790"
"Akropolis","452"
"Aladdin","472"
"AladiEx","53"
"Alchemint Standards","791"
"Alchemy","182"
"Alchemy Pay","52"
"Aleph.im","88"
"Algorand","475"
"Alias","1368"
"All Sports","987"
"All.me","85"
"AllSafe","1410"
"AllianceBlock","53"
"Almeela","474"
"Alpha Coin","654"
"Alpha Finance Lab","15"
"Alpha Quark Token","6"
"Alpha Token","539"
"AlphaLink","69"
"Alphacat","961"
"Alphacon","428"
"Alt.Estate token","715"
"Altbet","228"
"Alttex","317"
"Aludra Network","73"
"Ambrosus","1087"
"AmericanHorror.Finance","20"
"Amino Network","400"
"Ammo Reloaded","611"
"Amon","886"
"AmonD","387"
"Amoveo","613"
"Amp","48"
"Ampleforth","468"
"AmsterdamCoin","1573"
"Amun Bitcoin 3x Daily Long","84"
"Amun Bitcoin 3x Daily Short","84"
"Amun Ether 3x Daily Long","84"
"Amun Ether 3x Daily Short","85"
"Amun Short Bitcoin Token","76"
"AnarchistsPrime","1317"
"Anatha","12"
"Anchor","355"
"Anchor Neural World","86"
"Animal Friends United","3"
"AnimalGo","85"
"Animation Vision Cash","942"
"Ankr","460"
"Anoncoin","1738"
"Antiample","86"
"AntiscamToken","62"
"Anyswap","74"
"Apex","908"
"Aphelion","532"
"Apiary Fund Coin","5"
"Apollo Currency","807"
"Apollon","792"
"AppCoins","1009"
"Apple Network","214"
"AquariusCoin","1349"
"Aquila Protocol","76"
"Aragon","1247"
"Aragon Court","173"
"Arbidex","779"
"ArbitrageCT","977"
"Arcblock","959"
"Arcona","74"
"ArdCoin","311"
"Ardor","1462"
"Arepacoin","797"
"Argentum","1267"
"Argus","1251"
"Aricoin","271"
"Arion","794"
"Arionum","805"
"Ark","1294"
"Arqma","541"
"ArtByte","1373"
"Artfinity","515"
"Artis Turba","322"
"Arweave","142"
"Aryacoin","505"
"Asac Coin","209"
"Asch","1294"
"Asgard","310"
"Asian Dragon","408"
"Asian Fintech","501"
"Asian-African Capital Chain","289"
"Assemble Protocol","85"
"Aston","805"
"AstroTools","53"
"Asura Coin","706"
"Atheios","733"
"Atlantis Blue Digital Token","667"
"Atlantis Token","45"
"Atlas Protocol","676"
"Atlas Token","495"
"Atletico De Madrid Fan Token","85"
"Atomic Coin","1027"
"Atomic Wallet Coin","640"
"Atonomi","816"
"AtromG8","175"
"Attila","157"
"Auctus","903"
"AudioCoin","1715"
"Audius","6"
"Augur","1648"
"Aunite","599"
"Aureus Nummus Gold","69"
"Aurora","844"
"Auroracoin","1741"
"AurusCOIN","14"
"AurusGOLD","53"
"Authorship","982"
"Autonio","1061"
"Auxilium","744"
"Avalanche","26"
"AvatarCoin","1354"
"Aventus","1128"
"Axial Entertainment Digital Asset","308"
"Axiom","1323"
"Axioms","19"
"Axis DeFi","70"
"Azart","494"
"Azbit","369"
"Azzure","6"
"B ONE PAYMENT","203"
"B2BX","1060"
"B3Coin","1092"
"B91","468"
"BABB","946"
"BASIC","188"
"BAWnetwork","264"
"BBSCoin","455"
"BDCC Bitica COIN","84"
"BEAR Coin","50"
"BEAT","664"
"BELIEVER","86"
"BERNcash","1565"
"BHEX Token","417"
"BHPCoin","581"
"BIDR","52"
"BIKI","226"
"BITCOINHEDGE","84"
"BITFXT COIN","84"
"BITTO","182"
"BIZKEY","518"
"BIZZCOIN","180"
"BKEX Token","248"
"BLAST","737"
"BLOC.MONEY","727"
"BLOCKCLOUT","83"
"BLOCKIDCOIN","184"
"BLOCKMAX","53"
"BLOCKv","1052"
"BNBDOWN","48"
"BNBUP","48"
"BNS Token","85"
"BNSD Finance","53"
"BOAT","822"
"BOLT","555"
"BOMB","504"
"BOOM","445"
"BORA","563"
"BOSAGORA","441"
"BOSCore","85"
"BOScoin","1086"
"BOX Token","725"
"BPOP","76"
"BQT","504"
"BROTHER","1040"
"BSYS","75"
"BTC Lite","627"
"BTC Network Demand Set II","67"
"BTCDOWN","48"
"BTCMoon","988"
"BTCUP","48"
"BTCtalkcoin","1054"
"BTS Coin","74"
"BTSE","195"
"BTU Protocol","607"
"BUDDY","427"
"BUMO","763"
"BUX Platform Token","964"
"BZEdge","503"
"BaaSid","787"
"BackPacker Coin","149"
"BaconSwap","42"
"Baer Chain","636"
"Baguette Token","53"
"BakeryToken","25"
"Balancer","89"
"Bali Coin","178"
"Balloon-X","84"
"Bananatok","85"
"Banano","280"
"BananoDOS","5"
"Banca","935"
"Bancacy","365"
"Bancor","1216"
"Band Protocol","399"
"Bankcoin","888"
"Bankcoin Reserve","89"
"Bankera","852"
"Bankex","888"
"Bankroll Network","73"
"Bankroll Vault","85"
"Banyan Network","676"
"Barkis Network","89"
"BarnBridge","6"
"BarterTrade","76"
"Based Money","76"
"Basic Attention Token","1235"
"Basid Coin","26"
"Bast","53"
"Bastonet","669"
"Bata","1727"
"Bayan Token","205"
"Baz Token","145"
"Beacon","652"
"Beam","633"
"Bean Cash","1749"
"BeatzCoin","354"
"Beaxy","388"
"Becaz","171"
"Bee Token","933"
"BeeEx","167"
"BeeKan","806"
"BeeStore","86"
"Beer Money","168"
"Beetle Coin","767"
"Behodler","14"
"Bela","1738"
"Beldex","490"
"Bella Protocol","47"
"Bellevue Network","21"
"BenePit Protocol","354"
"BenjiRolls","1253"
"Benscoin","58"
"Benz","706"
"Beowulf","26"
"Bestay","53"
"BetProtocol","306"
"BetaCoin","727"
"Betherchip","47"
"Bethereum","732"
"BetterBetting","880"
"Bettex Coin","378"
"Bezant","887"
"Bezop","949"
"Bfine","15"
"Bgogo Token","479"
"BiNGO.Fun","540"
"BiblePay","1146"
"Bibox Token","1023"
"Bidao","20"
"Bidesk","167"
"BidiPass","403"
"Bidooh DOOH Token","267"
"Big Bang Game Coin","542"
"BigBang Core","157"
"BigGame","75"
"BigONE Token","386"
"BigUp","979"
"Bigbom","854"
"BigdataCash","15"
"Bilaxy Token","523"
"Billionaire Token","706"
"Binance Coin","1174"
"Binance GBP Stable Coin","419"
"Binance KRW","85"
"Binance USD","396"
"Bincentive","168"
"BingoCoin","603"
"Bintex Futures","69"
"BioCoin","947"
"Bionic","766"
"Biotron","843"
"Birake","764"
"Birdchain","435"
"Birds","598"
"Bismuth","481"
"Bispex","339"
"Bit Financial","14"
"Bit Trust System","308"
"Bit World Token","85"
"BitBall","632"
"BitBar","1710"
"BitBay","1578"
"BitCapitalVendor","795"
"BitCash","511"
"BitCherry","85"
"BitClave","989"
"BitCoal","1136"
"BitCoen","763"
"BitCoin One","611"
"BitCrystals","1721"
"BitDegree","994"
"BitDice","799"
"BitForex Token","414"
"BitGreen","517"
"BitGuild PLAT","389"
"BitKAM","281"
"BitKan","810"
"BitMart Token","825"
"BitMoney","726"
"BitNautic Token","656"
"BitNewChain","774"
"BitRent","909"
"BitRewards","802"
"BitScreener Token","789"
"BitSend","1746"
"BitShares","1744"
"BitStash","507"
"BitStation","851"
"BitTiger","14"
"BitTorrent","621"
"BitTube","955"
"BitUP Token","747"
"BitWhite","988"
"BitZ Token","826"
"Bitalgo","71"
"Bitball Treasure","360"
"Bitblocks","804"
"Bitbook Gambling","476"
"Bitcloud","1351"
"Bitcloud Pro","417"
"Bitcoffeen","238"
"BitcoiNote","806"
"Bitcoiin","643"
"Bitcoin","1746"
"Bitcoin & Company Network","294"
"Bitcoin 2","506"
"Bitcoin 21","1377"
"Bitcoin Adult","760"
"Bitcoin Atom","1005"
"Bitcoin BEP2","469"
"Bitcoin CZ","490"
"Bitcoin Cash","1178"
"Bitcoin Classic","261"
"Bitcoin Confidential","330"
"Bitcoin Diamond","1049"
"Bitcoin Fast","389"
"Bitcoin File","812"
"Bitcoin Free Cash","315"
"Bitcoin God","1008"
"Bitcoin Gold","1082"
"Bitcoin Incognito","793"
"Bitcoin Interest","896"
"Bitcoin Planet","799"
"Bitcoin Plus","1737"
"Bitcoin Private","947"
"Bitcoin Red","1048"
"Bitcoin Rhodium","561"
"Bitcoin SV","703"
"Bitcoin Scrypt","1305"
"Bitcoin Token","360"
"Bitcoin True","84"
"Bitcoin Turbo Koin","343"
"Bitcoin Vault","209"
"Bitcoin W Spectrum","425"
"Bitcoin X","379"
"Bitcoin Zero","715"
"BitcoinHD","506"
"BitcoinPoS","84"
"BitcoinRegular","47"
"BitcoinSoV","83"
"BitcoinV","303"
"BitcoinX","1036"
"BitcoinZ","1097"
"Bitcoinus","715"
"Bitcore","1269"
"Bitcurate","203"
"Bitdeal","679"
"Bitether","758"
"Bitex Global XBX Coin","558"
"Bitfex","367"
"Bitfinex Bitcoin Dominance Perps","14"
"Bitgear","75"
"Bitgesell","88"
"Bitgrin","229"
"Bithao","5"
"BitherCash","67"
"Bitnation","788"
"BitoPro Exchange Token","14"
"Bitpanda Ecosystem Token","364"
"Bitpayer Token","85"
"Bitradio","1178"
"Bitrue Coin","445"
"Bitscoin","150"
"Bitsdaq","477"
"Bitsonic","85"
"Bitspace","281"
"Bitstar","1586"
"Bitsten Token","168"
"Bitsum.money","848"
"Bitswift","258"
"Bittwatt","825"
"Bitvolt","1136"
"Bityuan","78"
"Bitzeny","1561"
"Blacer Coin","247"
"Black Diamond Rating","76"
"BlackCoin","1751"
"BlackPearl Token","85"
"Blackmoon","1117"
"Blacknet","166"
"Blakecoin","1686"
"Blaze Network","56"
"BlazerCoin","1192"
"BlitzPick","923"
"Blocery","76"
"Block Array","709"
"Block-Chain.com","702"
"Block-Logic","676"
"BlockCAT","1051"
"BlockCDN","1018"
"BlockMason Credit Protocol","1090"
"BlockMesh","864"
"BlockNoteX","144"
"BlockStamp","500"
"Blockburn","434"
"Blockchain Certified Data Token","614"
"Blockchain Exchange Alliance","76"
"Blockchain Quotations Index Token","755"
"Blockcloud","532"
"Blockium","52"
"Blocklancer","915"
"Blockmason Link","448"
"Blocknet","1747"
"Blocknode","445"
"Blockparty (BOXX Token)","584"
"Blockpass","768"
"Blockstack","353"
"Blocktix","1150"
"Blocktrade Token","789"
"Blocs","29"
"Blood","86"
"Bloom","999"
"Bloomzed Loyalty Club Ticket","227"
"Blox","1163"
"Blue Baikal","146"
"Blue Protocol","1077"
"Blue Whale EXchange","515"
"BlueCoin","1538"
"Bluekey","132"
"Blur","188"
"Bluzelle","982"
"BnkToTheFuture","935"
"BoatPilot Token","565"
"Bob's Repair","822"
"Bolenum","748"
"Bolivarcoin","1709"
"Boltt Coin","542"
"BonFi","5"
"Bone","84"
"BonezYard","14"
"Bonorum","224"
"Bonpay","1035"
"BonusCloud","388"
"BooBank","5"
"Boogle","223"
"Boolberry","1671"
"BoostCoin","1459"
"Boosted Finance","53"
"BoringDAO","3"
"Botton","160"
"Bottos","1007"
"Bounce Token","77"
"Bounty0x","1020"
"BoutsPro","879"
"BowsCoin","1466"
"Brazilian Digital Token","436"
"Braziliex Token","75"
"Bread","1023"
"Breezecoin","372"
"BriaCoin","1157"
"Brickblock","788"
"Bridge Oracle","43"
"Bridge Protocol","802"
"BridgeCoin","784"
"BritCoin","914"
"BrokerNekoNetwork","525"
"Brr","61"
"Bubble","1013"
"Buccaneer V2","21"
"BuckHathCoin","542"
"Budbo","628"
"Buggyra Coin Zero","734"
"Building Cities Beyond Blockchain","305"
"Bulleon","616"
"BumbaCoin","1040"
"BunnyToken","714"
"Burency","61"
"Burger Swap","22"
"Burger money","44"
"Burst","1751"
"Business Credit Alliance Chain","682"
"Business Credit Substitute","385"
"Buxcoin","247"
"BuySell","315"
"BuzzCoin","1125"
"Buzzshow","170"
"Bytecoin","1748"
"Bytom","1157"
"Bytus","74"
"CACHE Gold","85"
"CAPITAL X CELL","342"
"CARAT","729"
"CARDbuyers","383"
"CAT.trade Protocol","62"
"CBC.network","87"
"CBCCOIN","2"
"CBDAO","75"
"CCUniverse","318"
"CDMCOIN","263"
"CDX Network","593"
"CEDARS","62"
"CEDEX Coin","755"
"CEEK VR","853"
"CENTERCOIN","636"
"CFun","991"
"CHADS VC","47"
"CHEX","638"
"CIChain","55"
"CITEX Token","181"
"CK USD","915"
"CMITCOIN","721"
"CNNS","498"
"COIL","61"
"COINBIG","265"
"COMSA [ETH]","1004"
"COMSA [XEM]","989"
"CONTRACOIN","227"
"CONUN","499"
"COPYTRACK","704"
"CORN","53"
"COS","354"
"COST COIN+","75"
"COTI","498"
"COVA","651"
"COVIR.IO","51"
"CPChain","983"
"CPUchain","412"
"CRDT","86"
"CREA","54"
"CROAT","741"
"CRPT","459"
"CRYPTO20","994"
"CRYPTOBUCKS","298"
"CRYPTOFOREX","75"
"CSPC","78"
"CUTcoin","344"
"CVCoin","1178"
"CWV Chain","698"
"CXN Network","21"
"CY Finance","20"
"CYBR Token","375"
"CYCLEAN","744"
"Cabbage","1333"
"Cai Token","55"
"CaixaPay","390"
"Cajutel","612"
"Californium","1478"
"Callisto Network","877"
"CaluraCoin","292"
"Camouflage.eth","61"
"Camp","5"
"CanYaCoin","1008"
"CannabisCoin","1749"
"Cannadrix","84"
"Cannation","1126"
"CanonChain","799"
"CapdaxToken","594"
"Cappasity","1037"
"Capricoin+","1748"
"CarBlock","607"
"Carboncoin","1237"
"Cardano","1105"
"Cardstack","829"
"Carebit","762"
"CargoX","986"
"CariNet","622"
"Carlive Chain","409"
"Carrot","52"
"Carry","509"
"Cartesi","191"
"Cash Global Coin","78"
"CashBackPro","86"
"CashBet Coin","736"
"Cashaa","434"
"Cashbery Coin","788"
"Cashcoin","1203"
"Cashhand","193"
"Cashpayz Token","414"
"CasinoCoin","1698"
"Caspian","557"
"Castle","748"
"Castweet","204"
"Cat Token","21"
"Catex Token","368"
"CatoCoin","465"
"Cazcoin","439"
"Ccore","1024"
"CelCoin","201"
"Celer Network","569"
"Celeum","240"
"CellETF","20"
"Celo","151"
"Celo Dollar","26"
"Celsius","726"
"Centaur","15"
"Centaure","636"
"Centauri","518"
"Centrality","946"
"Centric Cash","85"
"Centurion","1310"
"CertiK","6"
"Chad Link Set","66"
"Chain Games","62"
"ChainX","440"
"ChainZ Arena","85"
"Chainlink","1122"
"Chainpay","215"
"Change","1086"
"ChangeNOW Token","523"
"Charg Coin","193"
"Charged Finance","4"
"ChartEx","42"
"ChatCoin","997"
"Cheesecoin","674"
"Cherry Token","75"
"Chess Coin","79"
"ChessCoin","1382"
"Chi Gastoken","74"
"Chicken","21"
"Chiliz","470"
"Chimpion","521"
"Chonk","3"
"Chromia","499"
"Chrono.tech","247"
"ChronoCoin","369"
"Chronologic","1090"
"Cicoin","46"
"Cindicator","1100"
"Cipher Core Token","87"
"Circuits of Value","62"
"Citadel","1268"
"CitiOs","254"
"City Coin","274"
"Civic","1186"
"Civitas","723"
"Clams","1751"
"Claymore","101"
"ClearCoin","458"
"ClearPoll","1064"
"Clipper Coin","787"
"CloakCoin","1750"
"Cloudbit Token","18"
"Cloudbric","615"
"ClubCoin","1738"
"CoFiX","14"
"CoTrader","574"
"Cobinhood","1103"
"Cobrabytes","365"
"Cocos-BCX","418"
"Codeo Token","84"
"Cofinex Coin","86"
"Coin Artist","53"
"Coin Controller Cash","180"
"Coin Lion","680"
"Coin2.1","1558"
"Coin2Play","385"
"CoinDeal Token","310"
"CoinEx Token","628"
"CoinFi","980"
"CoinHe Token","364"
"CoinLoan","83"
"CoinMeet","971"
"CoinMetro Token","438"
"CoinPoker","948"
"CoinUs","655"
"Coinchase Token","428"
"Coindom","283"
"Coineal Token","497"
"Coinlancer","995"
"Coinonat","1224"
"CoinonatX","655"
"Coinsbit Token","290"
"Coinsto","84"
"Coinsuper Ecosystem Network","682"
"Cointorox","551"
"Coinzo Token","76"
"Coinzoom","3"
"Colletrix","379"
"Color Platform","378"
"ColossusXT","1110"
"Colu Local Network","849"
"Combine.finance","21"
"Comet","1490"
"Commerce Data Connection","710"
"CommerceBlock","907"
"Commercium","754"
"Community Token","74"
"CommunityGeneration","594"
"Compendia","14"
"Compound","89"
"Compound 0x","84"
"Compound Augur","84"
"Compound Basic Attention Token","85"
"Compound Coin","88"
"Compound Dai","220"
"Compound Ether","75"
"Compound SAI","61"
"Compound USD Coin","259"
"Compound USDT","85"
"Compound Wrapped BTC","84"
"Conceal","615"
"Concierge Coin","337"
"Concoin","1137"
"Condensate","882"
"Coni","811"
"Connect Coin","511"
"ConnectJob","678"
"Connectome","86"
"Consentium","786"
"Constant","567"
"Constellation","846"
"Content Neutrality Network","877"
"Content Value Network","641"
"Content and AD Network","942"
"ContentBox","817"
"Contentos","474"
"Contents Protocol","436"
"ContractNet","470"
"Contribute","20"
"Convertible ACXT","19"
"Cortex","909"
"Cosmo Coin","812"
"Cosmos","574"
"CottonCoin","388"
"Couchain","846"
"Counos Coin","320"
"Counos X","186"
"Counterparty","1751"
"Countinghouse","256"
"Coupon Chain","97"
"Covesting","996"
"Cowboy.Finance","53"
"Crave","899"
"Cream","1131"
"Cream Finance","88"
"Creatanium","292"
"Cred","878"
"Credit Tag Chain","780"
"Creditbit","1461"
"Creditcoin","267"
"Credits","957"
"Credo","1118"
"Creed Finance","45"
"CrevaCoin","1667"
"Crex Token","392"
"Cropcoin","438"
"Cross Finance","3"
"Crowd Machine","883"
"CrowdWiz","684"
"Crowdholding","704"
"Crown","1721"
"Crust","27"
"CryCash","890"
"CryptalDash","722"
"Cryptaur","859"
"CrypticCoin","691"
"Crypto Accept","17"
"Crypto Cricket Club","85"
"Crypto Harbor Exchange","377"
"Crypto Holding Frank Token","165"
"Crypto Improvement Fund","325"
"Crypto Price Index","70"
"Crypto Sports","465"
"Crypto User Base","84"
"Crypto Village Accelerator","87"
"Crypto.com Chain","265"
"Crypto.com Coin","403"
"CryptoAds Marketplace","405"
"CryptoBharatCoin","155"
"CryptoBonusMiles","403"
"CryptoBossCoin","356"
"CryptoCarbon","1361"
"CryptoEnergy","205"
"CryptoFlow","749"
"CryptoFranc","462"
"CryptoPing","1144"
"CryptoSoul","714"
"CryptoVerificationCoin","452"
"CryptoWater","13"
"CryptoWorldNews","52"
"Cryptobuyer","204"
"Cryptocean","414"
"Cryptoindex.com 100","467"
"Cryptoinvest","203"
"Cryptojacks","1490"
"Crypton","54"
"Cryptonex","1097"
"Cryptonite","1742"
"Cryptopay","986"
"Cryptrust","734"
"Crystal Clear","1022"
"Crystal Token","700"
"Cube","947"
"Cubiex","443"
"Culture Ticket Chain","89"
"Curecoin","1748"
"Curio","299"
"Curve DAO Token","77"
"Custody Token","421"
"CustomContractNetwork","571"
"Cyber Movie Chain","713"
"CyberFM","788"
"CyberMiles","1044"
"CyberMusic","750"
"CyberVein","910"
"Cybercoin","78"
"Cybereits","854"
"Cyclops Treasure","21"
"D Community","366"
"DABANKING","408"
"DACC","788"
"DACC2","70"
"DACH Coin","397"
"DACSEE","773"
"DAD","241"
"DAD Chain","118"
"DAEX","890"
"DAO.Casino","988"
"DAOBet","183"
"DAOFi","1"
"DAOstack","890"
"DAPS Coin","749"
"DARMA Cash","145"
"DATA","993"
"DATx","943"
"DAV Coin","775"
"DApp Evolution","73"
"DCORP Utility","569"
"DDKoin","445"
"DEAPcoin","190"
"DECENT","1400"
"DECOIN","410"
"DEEX","730"
"DEMOS","89"
"DEONEX COIN","62"
"DEW","577"
"DEX","702"
"DEXA COIN","241"
"DEXON","145"
"DEXTER","243"
"DEXTools","83"
"DFOhub","79"
"DIA","75"
"DIMCOIN","992"
"DIPNET","674"
"DMD","53"
"DMScript","80"
"DMarket","975"
"DMme","352"
"DNotes","1693"
"DOC.COM","875"
"DOCH COIN","120"
"DODO","5"
"DOGEFI","53"
"DOS Network","566"
"DOTDOWN","48"
"DOTUP","48"
"DOWCOIN","745"
"DPRating","775"
"DREP","505"
"DSLA Protocol","182"
"DSYS","74"
"DTOP Token","76"
"DUO Network Token","508"
"DWS","803"
"DXdao","143"
"DaTa eXchange","544"
"Dai","342"
"Daikicoin","188"
"Dalecoin","1082"
"Daneel","886"
"Dapp Token","435"
"Darcrus","959"
"Darico Ecosystem Coin","724"
"Dark Energy Crystals","73"
"Dark.Build","14"
"DarkPay","252"
"Darwinia Commitment Token","85"
"Darwinia Network","89"
"Dash","1745"
"Dash Cash","361"
"Dash Green","629"
"Dashcoin","376"
"Data Transaction Token","364"
"Databroker","267"
"Datacoin","1178"
"Datamine","85"
"Datamine FLUX","81"
"Datarius Credit","864"
"Datawallet","972"
"Datum","1029"
"Davecoin","19"
"Davies","156"
"Davinci Coin","796"
"Davion","298"
"Dawn Protocol","145"
"Dcoin Token","78"
"DeFi Bids","53"
"DeFi Firefly","26"
"DeFi Insurance Protocol","14"
"DeFi Nation Signals DAO","79"
"DeFi Omega","68"
"DeFi Pulse Index","45"
"DeFiChain","84"
"DeFiPie","76"
"DeFiat","53"
"DeFiner","14"
"DeFinition","68"
"DeVault","486"
"DeXe","14"
"Debitum","86"
"DecentBet","1061"
"Decentr","85"
"Decentrahub Coin","75"
"Decentraland","1125"
"Decentralized Asset Trading Platform","713"
"Decentralized Crypto Token","589"
"Decentralized Data Assets Management","75"
"Decentralized Machine Learning","853"
"Decentralized Vulnerability Platform","392"
"Decimated","193"
"Decision Token","738"
"Decred","1703"
"Decurian","86"
"DeepBrain Chain","1021"
"DeepCloud AI","407"
"DeepOnion","1158"
"Defi","403"
"Defi Shopping Stake","21"
"DefiBox","49"
"Definitex","52"
"Defis","88"
"Defis Network","74"
"DegenVC","68"
"Degenerate Platform","52"
"Dego Finance","42"
"Delphy","1068"
"DeltaChain","767"
"Demeter Chain","327"
"Denarius","1199"
"Dent","1159"
"Dentacoin","1158"
"Derivex","85"
"Dero","907"
"Desire","1074"
"Destiny Success","84"
"Dether","962"
"Deutsche eMark","1745"
"Dev Protocol","80"
"Devery","982"
"DeviantCoin","908"
"Dexchain","78"
"Dexter G","539"
"Dextoken","68"
"Dextrust","62"
"Dfinity (IOU)","84"
"DiFy.Finance","25"
"Diagon","40"
"Diamond","1749"
"Diamond Platform Token","520"
"Diamond Voucher","72"
"Dice","76"
"Dice.Finance","53"
"Digex","62"
"DigiByte","1742"
"DigiDinar","84"
"DigiDinar Token","79"
"DigiFinexToken","819"
"DigiMax DGMT","79"
"Digital Asset Exchange Token","293"
"Digital Asset Guarantee Token","743"
"Digital Currency Daily","17"
"Digital Gold","337"
"Digital Insurance Token","746"
"Digital Money Bits","1219"
"Digital Rand","75"
"Digital Reserve Currency","14"
"Digital Wallet","75"
"DigitalBits","401"
"DigitalNote","1751"
"DigitalPrice","1259"
"Digitalcoin","1746"
"Digitex Futures","877"
"Digiwage","731"
"Digix Gold Token","884"
"DigixDAO","1640"
"Dignity","702"
"Diligence","81"
"Dimecoin","1685"
"Dimension Chain","385"
"Dinastycoin","1187"
"Dinero","766"
"Dionpay","79"
"Diplexcoin","74"
"Dipper Network","63"
"Diruna","310"
"DistX","54"
"Distributed Energy Coin","74"
"Divi","728"
"DoDreamChain","81"
"DoYourTip","76"
"Dock","902"
"Doctors Coin","77"
"Documentchain","54"
"DogDeFiCoin","5"
"Doge Token","510"
"DogeCash","639"
"Dogecoin","1743"
"Dogz","78"
"Doki Doki Finance","14"
"Dollar International","331"
"Dollarcoin","1248"
"Dollars","53"
"DomRaider","1085"
"Donu","77"
"Donut","76"
"DopeCoin","1732"
"Dovu","1065"
"Dracula Token","5"
"DraftCoin","1165"
"Dragon Ball","46"
"Dragon Coins","931"
"Dragon Option","368"
"Dragon Token","478"
"DragonVein","81"
"Dragonbit","76"
"Dragonchain","1046"
"Dragonglass","327"
"DreamTeam Token","504"
"Dreamcoin","1153"
"Dropil","925"
"DubaiCoin","1281"
"Ducato Protocol Token","21"
"DuckDaoDime","21"
"Dune Network","175"
"Dusk Network","460"
"Dutch Coin","567"
"DxChain Token","798"
"Dynamic","1298"
"Dynamic Trading Rights","1028"
"DynamicCoin","877"
"Dynamite","406"
"Dystem","743"
"EA Token","76"
"EBCoin","799"
"ECC","1624"
"ECOChain","190"
"ECOSC","181"
"EDC Blockchain","576"
"EDC Blockchain [old]","73"
"EDRCoin","1649"
"EDUCare","994"
"EIDOS","80"
"ELA Coin","361"
"ELTCOIN","1064"
"ELYSIA","203"
"EMOGI Network","407"
"ENTONE","81"
"EOS","1200"
"EOS Force","377"
"EOS TRUST","428"
"EOSDOWN","48"
"EOSDT","473"
"EOST TRUST","3"
"ERA","752"
"ERC20","1059"
"ESAX Token","1"
"ESBC","544"
"ESCX Token","83"
"ESR Coin","63"
"ETERNAL TOKEN","669"
"ETF Dao","42"
"ETG Finance","5"
"ETH 20 Day MA Crossover Set","67"
"ETH 20 Day MA Crossover Yield Set","66"
"ETH 26 EMA Crossover Yield II","65"
"ETH AI Limit Loss","66"
"ETH Price Action Candlestick Set","64"
"ETH RSI 60/40 Crossover Set","65"
"ETH RSI 60/40 Yield Set","65"
"ETH/BTC RSI Ratio Trading Set","63"
"ETH/LINK Price Action Candlestick Set","66"
"ETHDOWN","48"
"ETHPlus","80"
"ETHUP","47"
"ETHplode","451"
"EUNO","805"
"EUNOMIA","721"
"EURBASE","354"
"EVOS","585"
"EXMO Coin","324"
"EXMR FDN","357"
"EXOR","157"
"EXRNchain","1077"
"EYES Protocol","80"
"EZOOW","640"
"EagleX","723"
"EarnBet","177"
"Earneo","80"
"Earth Token","383"
"EasyFi","15"
"EasySwap","70"
"EchoLink","997"
"Echoin","385"
"Eco Value Coin","52"
"EcoDollar","84"
"EcoG9coin","74"
"Ecobit","1079"
"Ecoin","80"
"Ecoreal Estate","749"
"Eden","755"
"Edge","390"
"Edgeless","1288"
"Edgeware","228"
"EduCoin","860"
"Education Ecosystem","948"
"Effect.AI","886"
"Egas","151"
"Egoras","303"
"Egoras Dollar","258"
"Egretia","837"
"Eight Hours","81"
"Einsteinium","1747"
"Elamachain","240"
"Elastos","981"
"Elcoin","1617"
"Electra","1196"
"Electric Vehicle Zone","70"
"Electrify.Asia","943"
"Electronero","227"
"Electronero Pulse","84"
"Electroneum","1072"
"Electrum Dark","579"
"Elementeum","504"
"Elementrem","1357"
"Elite","1502"
"Elitium","501"
"Elixir","737"
"Ellaism","1083"
"Elliot Coin","643"
"Elrond","454"
"Elysian","813"
"Elysium","807"
"Emanate","475"
"EmaratCoin","245"
"EmberCoin","493"
"Emerald Crypto","1524"
"Emercoin","1750"
"Eminence","16"
"Eminer","409"
"Emirex Token","403"
"Emphy","1042"
"Empow","78"
"Emrals","239"
"En-Tan-Mo","397"
"Enceladus Network","48"
"EncrypGen","1028"
"EncryptoTel [ETH]","1073"
"EncryptoTel [WAVES]","1146"
"Endor Protocol","866"
"Endorsit","776"
"Enecuum","432"
"Energi","779"
"EnergiToken","816"
"Energo","1049"
"Energy Web Token","203"
"Energycoin","621"
"Engagement Token","632"
"Engine","838"
"Enigma","1095"
"Enjin Coin","1079"
"EnterCoin","534"
"Entherfound","178"
"Envion","955"
"Enzo","294"
"Epanus","52"
"Epic","19"
"Epic Cash","193"
"Equal","964"
"EquiTrader","803"
"Equilibria","15"
"Equus Mining Token","69"
"Era Swap","237"
"ErcauX","15"
"Ergo","1158"
"Eristica","728"
"Eroscoin","1035"
"Eryllium","836"
"Escroco Emerald","633"
"EscrowCoin","415"
"Eska","78"
"Espers","1523"
"Esportbits","517"
"Esports Token","756"
"Essek Tov","79"
"Essentia","825"
"Eterbase Utility Token","502"
"Eternity","1407"
"Ethash Miner","153"
"Ethbits","738"
"Etheera","393"
"Ether Kingdoms Token","751"
"Ether Zero","865"
"EtherBone","81"
"EtherGem","789"
"EtherInc","699"
"EtherSportz","854"
"Ethereum","1746"
"Ethereum Cash","1054"
"Ethereum Classic","1540"
"Ethereum Gold","889"
"Ethereum Gold Project","530"
"Ethereum Lite","921"
"Ethereum Message Search","204"
"Ethereum Meta","701"
"Ethereum Vault","47"
"Ethereum eRush","78"
"EthereumX","574"
"Etherisc DIP Token","44"
"Etheriya","608"
"Etheroll","1224"
"Etherparty","1075"
"Etherpay","47"
"Ethersocial","734"
"Ethlyte Crypto","337"
"Etho Protocol","724"
"Ethouse","491"
"Ethverse","76"
"Eureka Coin","337"
"Eurocoin","1457"
"EurocoinToken","594"
"Eva Cash","489"
"Evan","64"
"Evedo","499"
"EvenCoin","760"
"EventChain","1042"
"EverGreenCoin","1735"
"Everex","1101"
"EveriToken","433"
"Everipedia","824"
"Everus","1085"
"EveryCoin","597"
"Evil Coin","1544"
"Evimeria","387"
"ExNetwork Token","44"
"Excaliburcoin","331"
"Exchange Payment Coin","42"
"Exchange Union","1065"
"ExclusiveCoin","1743"
"Exosis","623"
"Expanse","1741"
"Experience Points","1348"
"Experience Token","778"
"Experty","954"
"ExtStock Token","272"
"EzyStayz","170"
"FABRK","400"
"FANBI TOKEN","76"
"FANZY","76"
"FC Barcelona Fan Token","80"
"FEX Token","80"
"FIBOS","417"
"FINANCIAL INVESTMENT TOKEN","47"
"FIO Protocol","82"
"FLAMA","80"
"FLETA","449"
"FLEX","239"
"FLIP","833"
"FLO","1752"
"FME","62"
"FNB Protocol","538"
"FNKOS","777"
"FOAM","673"
"FOCV","79"
"FOIN","436"
"FORCE","740"
"FREE Coin","498"
"FSBT API Token","822"
"FTX Token","441"
"FToken","236"
"FUD.finance","14"
"FUTURAX","770"
"FUTUREXCRYPTO","62"
"FUZE Token","297"
"FYDcoin","248"
"Fabric Token","554"
"Faceter","864"
"Factom","1748"
"FairCoin","1345"
"FairGame","986"
"Falcon Project","80"
"Falconswap","49"
"Fame","46"
"Fanaticos Cash","84"
"FansTime","826"
"Fantasy Sports","396"
"FantasyGold","653"
"Fantom","716"
"Farm House Finance","43"
"FarmaTrust","791"
"Fashion Coin","78"
"Fast Access Blockchain","519"
"Fatcoin","539"
"Feathercoin","1752"
"FedoraCoin","1749"
"Fee Active Collateral Token","49"
"Feellike","76"
"Fera","73"
"Ferrum Network","411"
"Fesschain","81"
"Fetch.ai","593"
"FidentiaX","810"
"FidexToken","527"
"Fiii","655"
"Filecoin","1035"
"Filenet","324"
"FinNexus","80"
"FinexboxToken","80"
"Finswap","18"
"Fintab","670"
"FintruX Network","901"
"Fire Lotto","756"
"Fireball","81"
"FirmaChain","340"
"First Bitcoin","1515"
"FirstBlood","1474"
"FirstCoin","1328"
"Fiscus.fyi","20"
"Five Star Coin","221"
"Five Star Coin Pro","85"
"Fivebalance","706"
"Flamingo","22"
"Flash","1206"
"FlashSwap","52"
"FlashX Advance","75"
"FlexETH/BTC Set","65"
"Flexacoin","565"
"Flit Token","276"
"Flits","84"
"Flixxo","1041"
"Florin","26"
"Flow Protocol","51"
"Flowchain","605"
"Flux","361"
"FlypMe","1039"
"FoldingCoin","1383"
"Folgory Coin","338"
"FolgoryUSD","53"
"FolmCoin","418"
"Footballcoin","653"
"ForTube","453"
"Force For Fast","76"
"Foresight","53"
"Formosa Financial","397"
"FortKnoxster","424"
"Fortem Capital","143"
"Fortuna","987"
"Fountain","640"
"Fox Trading","802"
"Francs","1548"
"Free Tool Box","2"
"Free Tool Box Coin","74"
"Freecash","228"
"Freicoin","1507"
"Freight Trust & Clearing Network","181"
"Frens Community","70"
"Freyrchain","874"
"Fridn","14"
"Friendz","921"
"Frontier","46"
"FujiCoin","1674"
"FunFair","1202"
"FunKeyPay","74"
"Function X","537"
"FundRequest","807"
"FundToken","671"
"Fusion","970"
"Future1coin","713"
"Futurepia","413"
"FuturoCoin","839"
"FuzeX","883"
"FuzzBalls","1380"
"Fyooz","70"
"GALAXY NETWORK","6"
"GAMB","550"
"GAPS","396"
"GCN Coin","1726"
"GET Protocol","1001"
"GHOST","147"
"GHOSTPRISM","189"
"GIGA","273"
"GINcoin","878"
"GIVLY Coin","60"
"GLOBALTRUSTFUND TOKEN","75"
"GLOBEX","66"
"GM Holding","80"
"GMB","595"
"GNY","508"
"GOD KIMCHI","43"
"GOLD Reward Token","566"
"GOLOS BLOCKCHAIN","227"
"GOT Token","53"
"GRAP","60"
"GSENetwork","777"
"GXChain","1202"
"Gala","42"
"Galactrum","985"
"Galatasaray Fan Token","82"
"Galaxy Pool Coin","76"
"Galaxy Wallet","80"
"Galilel","562"
"Gallery Finance","3"
"GambleCoin","393"
"Gamblica","398"
"Game Ark","73"
"Game Stars","691"
"Game.com","1012"
"GameCredits","1751"
"Garlicoin","993"
"Gas","1195"
"Gate","479"
"GateToken","413"
"Gather","21"
"GazeCoin","715"
"Gbrick","77"
"Geeq","76"
"Gem Exchange And Trading","20"
"GemSwap","34"
"Gemini Dollar","743"
"Gems","961"
"Genaro Network","1027"
"Gene Source Code Chain","749"
"General Attention Currency","436"
"Genesis Vision","1063"
"GenesisX","744"
"Gentarium","785"
"GeoCoin","1719"
"GeoDB","158"
"GermanCoin","151"
"Gexan","473"
"GeyserCoin","1156"
"Giant","797"
"Gifto","1030"
"Gire Token","19"
"Gleec","265"
"GlitzKoin","464"
"Global Awards Token","871"
"Global Crypto Alliance","310"
"Global Cryptocurrency","1300"
"Global Currency Reserve","1736"
"Global Digital Content","356"
"Global Funeral Care","64"
"Global Game Coin","155"
"Global Gaming","14"
"Global Human Trust","76"
"Global Rental Token","80"
"Global Reserve System","221"
"Global Social Chain","876"
"Global X Change Token","314"
"GlobalBoost-Y","1734"
"GlobalToken","1199"
"Globalvillage Ecosystem","791"
"Globatalent","278"
"Gnosis","1265"
"GoByte","1061"
"GoChain","855"
"GoCrypto Token","348"
"GoHelpFund","726"
"GoMoney","251"
"GoNetwork","823"
"GoPower","560"
"GoWithMi","439"
"GoalTime N","155"
"GokuMarket Credit","20"
"Gold Bits Coin","682"
"Gold Poker","787"
"GoldBlocks","1532"
"GoldCoin","1750"
"GoldFund","534"
"GoldMint","969"
"Golden Ratio Coin","71"
"Golden Ratio Token","79"
"Golden Token","441"
"GoldenFever","181"
"GoldenPyrex","373"
"GolderGames","43"
"Golem","1429"
"Golfcoin","783"
"Golff","47"
"Golos","1283"
"Golos Gold","1013"
"Gomics","393"
"Goodomy","616"
"Gosama","435"
"Gossip Coin","752"
"GrafSound","53"
"Graft","950"
"GramGold Coin","65"
"Graphcoin","346"
"Gratz","433"
"Graviocoin","801"
"Gravity","679"
"GravityCoin","1313"
"GreenMed","482"
"GreenPower","496"
"Gric Coin","217"
"Grid+","1032"
"GridCoin","1747"
"Grimcoin","746"
"Grimm","254"
"Grin","627"
"Groestlcoin","1751"
"Growth DeFi","61"
"Gstcoin","83"
"Guapcoin","84"
"Guaranteed Ethurance Token Extra","906"
"GuccioneCoin","1531"
"Guider","333"
"Gulden","1750"
"HAPY Coin","80"
"HBTC Captain Token","50"
"HEAT","1533"
"HEIDI","80"
"HEROcoin","1009"
"HEX","318"
"HGH Token","307"
"HL Chain","78"
"HOLD","783"
"HOMIHELP","168"
"HOMT","78"
"HOQU","941"
"HOT Token","362"
"HOdlcoin","1235"
"HTMLCOIN","1024"
"HUDDL","454"
"HUNT","208"
"HUPAYX","84"
"HUSD","372"
"HXY Money","52"
"HYCON","798"
"HYPNOXYS","527"
"Hacken","798"
"Hacken Token","166"
"Hakka.Finance","74"
"HalalChain","489"
"Halloween Coin","716"
"Halo Platform","611"
"Halving Token","74"
"Hamebi Token","76"
"Hanacoin","302"
"Hands of Steel","54"
"Handshake","241"
"HappyPay","4"
"Haracoin","423"
"Harcomia","246"
"Harmony","497"
"HarmonyCoin","1105"
"Harvest Finance","54"
"HashBX","586"
"HashCoin","822"
"HashNet BitEco","503"
"Hashgard","817"
"Hashshare","239"
"Hatch DAO","40"
"Hathor","26"
"Hauteclere Shards","9"
"Haven Protocol","900"
"Havy","755"
"Hdac","809"
"Healing Plus","79"
"Heart Number","62"
"HeartBout","787"
"HeartBout Pay","269"
"HebeBlock","193"
"Hedera Hashgraph","393"
"HedgeTrade","593"
"Hedget","47"
"Hegic","47"
"Helex","310"
"Helium","697"
"Helium Chain","83"
"Helix","176"
"HelixNetwork","84"
"Hellenic Coin","1462"
"Hellenic Node","158"
"HelloGold","1061"
"Helper Search Token","718"
"Helpico","434"
"Hemelios","66"
"HempCoin","1737"
"Herbalist Token","654"
"Hercules","283"
"Hermez Network","5"
"HeroNode","868"
"Hey Bitcoin","78"
"Hi Mutual Society","988"
"HiCoin","1610"
"Hiblocks","75"
"Hifi Finance","834"
"High Performance Blockchain","1010"
"High Voltage","1388"
"Hilux","191"
"Hintchain","403"
"Hinto","177"
"HippoFinance","26"
"HireGo","231"
"Historia","219"
"HitChain","770"
"Hive","204"
"Hive Dollar","209"
"Hiveterminal Token","1124"
"HoboNickels","78"
"HodlTree","33"
"HollyWoodCoin","1031"
"Holo","900"
"Holyheld","14"
"Homeros","209"
"HondaisCoin","686"
"Honest","475"
"HonestCoin","75"
"Honey","843"
"Horizen","1225"
"HorusPay","803"
"HoryouToken","517"
"Hotpot Base Token","16"
"Howdoo","81"
"Hubi Token","241"
"Hubii Network","1017"
"Humaniq","1249"
"Humanscape","700"
"Huobi BTC","39"
"Huobi Pool Token","606"
"Huobi Token","987"
"Huptex","134"
"Hurify","836"
"Hush","1370"
"Hxro","605"
"Hybrid Bank Cash","46"
"Hybrid Block","720"
"Hydro","888"
"Hydro Protocol","998"
"Hype Token","118"
"Hyper Pay","953"
"Hyper Speed Network","392"
"HyperCash","1145"
"HyperDAO","226"
"HyperExchange","356"
"HyperLoot","2"
"HyperQuant","676"
"HyperSpace","1414"
"HyperStake","1369"
"Hyperion","636"
"I/O Coin","1750"
"IBStoken","204"
"ICE ROCK MINING","786"
"ICO OpenLedger","1182"
"ICOBID","1166"
"ICOBay","258"
"ICOCalendar.Today","522"
"ICON","1076"
"IDCM Token","75"
"IDEALCOIN","148"
"IDEX","521"
"IDEX Membership","978"
"IDK","153"
"IDall","3"
"IFX24","251"
"IG Gold","467"
"IGToken","789"
"IHT Real Estate Protocol","957"
"ILCoin","635"
"INDINODE","667"
"INLOCK","355"
"INMAX","635"
"INMAXCOIN","71"
"INO COIN","801"
"INRToken","80"
"INT Chain","378"
"ION","1504"
"IONChain","718"
"IOOX System","78"
"IOST","996"
"IOTA","1217"
"IOTW","374"
"IOU","436"
"IOV BlockChain","369"
"IP Exchange","885"
"IPChain","898"
"IQ.cash","766"
"IQeon","745"
"IRISnet","517"
"ISTARDUST","21"
"ITAM Games","78"
"ITEN","14"
"ITO Utility Token","5"
"IXT","1165"
"IYF.finance","21"
"IZE","84"
"IZEROIUM","202"
"IZIChain","273"
"IceChain","224"
"Iconic","1199"
"Iconic Token","80"
"Idea Chain Coin","173"
"Idena","77"
"Ifoods Chain","733"
"Ignis","1031"
"Ignition","1006"
"ImageCash","183"
"ImageCoin","452"
"Impact","724"
"Impleum","639"
"Imsmart","80"
"Incent","1398"
"Incodium","505"
"Independent Money System","1321"
"Index Chain","84"
"Index Cooperative","14"
"Indorse Token","1114"
"Inex Project","67"
"Infinipay","362"
"Infinite Ricks","48"
"Infinitecoin","1706"
"Infinitus Token","543"
"Infinity Economics","1109"
"Infinity Esaham","245"
"InflationCoin","1353"
"Influence Chain","767"
"Injective Protocol","6"
"Ink","1054"
"Ink Protocol","950"
"Innova","755"
"InnovaMinex","468"
"Innovation Blockchain Payment","62"
"Innovative Bioresearch Classic","472"
"Innovative Bioresearch Coin","202"
"InsaneCoin","1179"
"Insight Chain","802"
"Insight Protocol","80"
"Insights Network","957"
"Insolar","1001"
"Instantily","219"
"Insula","81"
"InsurChain","684"
"Insureum","722"
"IntelliShare","569"
"Intelligent Investment Chain","862"
"Intelligent Ratio Set","66"
"Intelligent Trading Foundation","1053"
"InterCrone","775"
"InterValue","700"
"Intergalactic Gold","14"
"InternationalCryptoX","796"
"Internet Node Token","618"
"Internet of People","1413"
"Internxt","1096"
"Interzone","596"
"Invacio","625"
"Inverse Bitcoin Volatility Token","168"
"InvestDigital","969"
"InvestFeed","1111"
"Invictus Hyperion Fund","745"
"IoT Chain","1039"
"IoTeX","868"
"Iridium","730"
"IrishCoin","1028"
"Isiklar Coin","183"
"Italian Lira","713"
"Italo","647"
"Iungo","965"
"Ivy","854"
"Ixcoin","1577"
"Ixinium","181"
"JBOX","62"
"JD Coin","326"
"JET8","942"
"JSECOIN","705"
"JUIICE","14"
"JUST","173"
"JUST NETWORK","76"
"JUST Stablecoin","37"
"Jack Token","177"
"JackPool.finance","53"
"Jade Currency","180"
"Japan Content Token","556"
"Jarvis Network","158"
"Jarvis+","469"
"JavaScript Token","859"
"Jesus Coin","552"
"Jetcoin","1172"
"Jewel","568"
"Jiaozi","42"
"Jibrel Network","981"
"Jin Coin","850"
"Jinbi Token","577"
"Jingtum Tech","981"
"Jiviz","6"
"Jiyo [OLD]","528"
"Jobchain","306"
"Joincoin","1475"
"Joint Ventures","747"
"Joule","334"
"Joys Digital","227"
"Jubi Token","76"
"Juggernaut","49"
"Junsonmingchncoin","84"
"Jupiter","193"
"Jury.Online Token","439"
"JustLiquidity","50"
"Juventus Fan Token","185"
"KAASO","374"
"KARMA","787"
"KEY","867"
"KIMCHI.finance","53"
"KNOW","761"
"KOK","268"
"KORE Vault","3"
"KUN","439"
"KVANT","84"
"KVI","80"
"KWHCoin","746"
"KYSC Token","80"
"KZ Cash","1004"
"Kabberry Coin","360"
"Kadena","150"
"Kahsh","350"
"Kaleido","78"
"Kalkulus","807"
"Kambria","666"
"KanadeCoin","757"
"Kappi Network","323"
"Karatgold Coin","826"
"Karbo","1526"
"KardiaChain","188"
"Karma","606"
"Katana Finance","36"
"Kava.io","360"
"Kcash","1009"
"Keep Network","166"
"KekCoin","1134"
"Kemacoin","83"
"Kepler Network","84"
"Keysians Network","74"
"Khipu Token","76"
"KickToken","1097"
"Kids Cash","74"
"Kin","1112"
"Kind Ads Token","780"
"King DAG","158"
"KingMoney","227"
"KingXChain","754"
"Kingdom Game 4.0","204"
"KittenFinance","53"
"Klaytn","210"
"Kleros","713"
"Klever","49"
"Klimatas","487"
"Knekted","725"
"Know Your Developer","335"
"KnoxFS","50"
"Kobocoin","1455"
"Kolion","923"
"Komodo","1342"
"Kompass","21"
"Kora Network Token","785"
"Korbot","258"
"Kratscoin","228"
"Krios","461"
"Krosscoin","66"
"Kryll","811"
"Kryptofranc","147"
"Krypton Galaxy Coin","405"
"KuCoin Shares","1083"
"Kuai Token","634"
"Kublaicoin","78"
"KuboCoin","459"
"Kuende","499"
"Kulupu","63"
"Kurrent","1288"
"Kusama","314"
"Kush Finance","21"
"Kuverit","340"
"Kyber Network","1115"
"LALA World","925"
"LATOKEN","1081"
"LBK","185"
"LBRY Credits","1562"
"LCG","5"
"LCX","332"
"LEOcoin","1678"
"LEVELG","165"
"LGCY Network","40"
"LGO Token","68"
"LHT","402"
"LIFE","1073"
"LINK","228"
"LINK Profit Taker Set","66"
"LINK/ETH RSI Ratio Trading Set","66"
"LINKA","358"
"LINKDOWN","48"
"LINKUP","48"
"LNX Protocol","412"
"LOA Protocol","179"
"LOCIcoin","948"
"LOLTOKEN","330"
"LOOPREX","65"
"LORI","62"
"LP-yCurve","62"
"LRM Coin","628"
"LTO Network","614"
"LUCY","215"
"LUKSO","150"
"LUXCoin","1085"
"LYFE","80"
"LYNC Network","14"
"Labh Coin","256"
"Ladder Network Token","403"
"Lambda","650"
"Lambda Space Token","152"
"Lamden","1006"
"Lampix","978"
"LanaCoin","1490"
"Lapis Chain","78"
"Largo Coin","218"
"Latamcash","184"
"LatiumX","558"
"Lead Wallet","49"
"Leadcoin","913"
"Leading Coin 4 Entrepreneurs","21"
"Leading Coins 4 Entrepreneur","3"
"LegalBlock","234"
"LemoChain","794"
"Lendingblock","891"
"Lendroid Support Token","847"
"Lethean","1058"
"Level Up Coin","842"
"Level01","82"
"LevelApp Token","465"
"Leverj","932"
"Levocoin","186"
"Levolution","446"
"Libera","68"
"Libertas Token","81"
"Libfx","62"
"Lien","68"
"LightChain","865"
"Lightning Bitcoin","1017"
"Lightpaycoin","607"
"Lightstreams","50"
"LikeCoin","825"
"Limestone Network","80"
"LimitSwap","13"
"Limitless VIP","315"
"Lina","800"
"Linear","42"
"Linfinity","542"
"LinkArt","242"
"LinkCoin Token","75"
"LinkEye","995"
"LinkToken","443"
"Linkey","668"
"Linx","840"
"LiquidApps","469"
"Liquidity Dividends Protocol","80"
"Liquidity Network","713"
"Lisk","1647"
"Lisk Machine Learning","661"
"Litbinex Coin","273"
"LiteBitcoin","1138"
"LiteCoin Ultra","1056"
"LiteDoge","1687"
"Litecash","188"
"Litecoin","1746"
"Litecoin Cash","967"
"Litecoin Plus","1131"
"Litecoin SV","163"
"LitecoinPoS","62"
"LitecoinToken","486"
"Litecred","1435"
"Litex","798"
"Lition","543"
"LivenPay","80"
"Livenodes","30"
"Livenodes Token","19"
"Livepeer","650"
"LoMoCoin","1228"
"Loanburst","20"
"Lobstex","786"
"LocalCoinSwap","803"
"LockTrip","1029"
"Locus Chain","382"
"LogisCoin","467"
"Loki","875"
"London Football Exchange","220"
"Loom Network","946"
"Loopring","1142"
"Loopring [NEO]","891"
"Lottonation","46"
"LoveHearts","74"
"LoyalCoin","696"
"LuaSwap","21"
"Lucky Block Network","475"
"LuckySevenToken","321"
"Ludos Protocol","76"
"Lukiu","326"
"Lukki Operating Token","404"
"Luna Coin","1339"
"LunchMoney","81"
"Lunes","581"
"Lung Protocol","53"
"Lunyr","1257"
"Lux Bio Cell","172"
"Lykke","1066"
"Lympo","955"
"Lynx","77"
"M2O","505"
"MACH Project","236"
"MANTRA DAO","74"
"MANY","16"
"MAP Protocol","292"
"MARK.SPACE","900"
"MASTERNET","724"
"MATH","156"
"MAX Exchange Token","81"
"MB8 Coin","415"
"MCDEX","80"
"MCO","1202"
"MDUKEY","84"
"MDsquare","76"
"MDtoken","269"
"MEET.ONE","781"
"MEETtoken","263"
"MERCI","84"
"MESEFA","182"
"MESG","562"
"MESSE TOKEN","338"
"MEX","740"
"MEXC Token","392"
"MFCoin","543"
"MFIT COIN","243"
"MGC Token","460"
"MIB Coin","752"
"MIKS COIN","69"
"MINDOL","549"
"MIR COIN","744"
"MMOCoin","733"
"MNPCoin","748"
"MOAC","994"
"MODEL-X-coin","689"
"MONEY PARTY","68"
"MONNOS","80"
"MORELO","149"
"MOST Protocol","48"
"MOTIV Protocol","80"
"MSD","1113"
"MTC Mesh Network","803"
"MVL","810"
"MX Token","392"
"MXC","84"
"MYX Network","73"
"Machi X","74"
"Maecenas","1078"
"Mafia.Network","48"
"Maggie","968"
"Magi","1575"
"Magic Cube Coin","454"
"Magic Liquidity Rainbow","44"
"Magnet","625"
"Magnum","810"
"MaidSafeCoin","1751"
"Maincoin","574"
"Mainstream For The Underground","781"
"Maker","1077"
"Maki Finance","43"
"Mallcoin","742"
"MalwareChain","261"
"Mandi Token","76"
"MangoChain","76"
"Manna","1708"
"Mao Zedong","998"
"Marblecoin","60"
"MargiX","344"
"Marginless","229"
"Markaccy","26"
"MarketPeak","216"
"Maro","27"
"Marshal Lion Group Coin","304"
"MarteXcoin","1493"
"Martkist","159"
"Masari","903"
"MassGrid","645"
"Massnet","156"
"Master Coin Point","74"
"Master Contract Token","786"
"Matchpool","1256"
"Matic Network","538"
"Matka Coin","62"
"Matrexcoin","523"
"Matrix AI Network","990"
"Matryx","1011"
"Maverick Chain","996"
"Mavro","177"
"Max Property Group","591"
"Maximine Coin","796"
"Maya Preferred 223","450"
"Mazzuma","63"
"Mcashchain","435"
"Mchain","83"
"Measurable Data Token","1009"
"MeconCash","361"
"Medalte","68"
"MediBit","687"
"MediBloc","1614"
"MediShares","1035"
"MedicCoin","935"
"Medicalchain","980"
"Medium","315"
"Mega Lottery Services Global","179"
"Megacoin","1704"
"Melecoin","20"
"Melon","1331"
"Membrana","428"
"Meme","74"
"Memetic / PepeCoin","1668"
"MenaPay","489"
"Menlo One","663"
"Merculet","841"
"Mercury","1280"
"Merebel","523"
"Meridian Network","75"
"Mero","329"
"Mero Currency","99"
"MesChain","334"
"Meta","83"
"MetaMorph","783"
"Metacoin","75"
"Metadium","734"
"Metal","1194"
"Metaprediction","182"
"Metaverse Dualchain Network Architecture","248"
"Metaverse ETP","1227"
"Meter Governance","80"
"Meter Governance mapped by Meter.io","48"
"Meter Stable","76"
"Metric","17"
"Metrix Coin","1188"
"Metronome","842"
"Mettalex","5"
"MiL.k","81"
"MicroBitcoin","722"
"MicroMoney","1024"
"Micromines","678"
"Midas","368"
"MidasProtocol","746"
"MiloCoin","1133"
"MimbleWimbleCoin","243"
"Mincoin","852"
"Mindexcoin","705"
"MineBee","395"
"Mineral","80"
"Minereum","1228"
"Miners' Reward Token","1024"
"Minex","670"
"MinexCoin","960"
"MiniSwap","76"
"MintCoin","1700"
"MintMe.com Coin","192"
"Minter Network","189"
"Mirai","769"
"Mithril","936"
"Mithril Ore","525"
"MixMarvel","408"
"MixTrust","68"
"Mixin","995"
"MktCoin","979"
"MoCo Token","81"
"MoX","647"
"MobieCoin","5"
"Mobile Crypto Pay Coin","486"
"MobileGo","1214"
"Mobilian Coin","26"
"MobilinkToken","716"
"Mobius","994"
"Mochimo","171"
"Mocrow","274"
"Modern Investment Coin","15"
"Modex","14"
"ModiHost","81"
"ModulTrade","346"
"Moeda Loyalty Points","1130"
"Mogu","309"
"Moin","1670"
"MojoCoin","1522"
"Molecular Future","984"
"Momentum","47"
"MonaCoin","1743"
"Monarch","398"
"Monero","1744"
"Monero Classic","908"
"MoneroV","532"
"MonetaryUnit","1749"
"Monetha","1129"
"Money Plant Token","47"
"Money Token","79"
"Moneynet","569"
"Moneytoken","773"
"Monkey Project","1042"
"Monoeci","826"
"Monolith","417"
"Moon Juice","20"
"Moon YFI","44"
"MoonSwap","47"
"MoonTools","14"
"Mooncoin","1733"
"Moozicore","266"
"MorCrypto Coin","222"
"More Coin","1208"
"Morpher","20"
"Morpheus Labs","893"
"Morpheus.Network","837"
"Moss Coin","825"
"Motocoin","1476"
"MovieBloc","481"
"Moving Cloud Coin","814"
"Multi Channel Influencer Creater Cloud Funding Platform","43"
"MultiCoinCasino","158"
"MultiVAC","549"
"Multicoin","70"
"Multiplier","76"
"MustangCoin","1295"
"Muzika","493"
"MyBit","1139"
"MyTVchain","205"
"MyToken","869"
"MyWish","1038"
"Myriad","1749"
"Mysterium","1193"
"NAGA","1025"
"NAM COIN","719"
"NANJCOIN","935"
"NDN Link","153"
"NEAR Protocol","15"
"NEM","1745"
"NEO","1494"
"NEOBITCOIN","84"
"NEOX","188"
"NEST Protocol","82"
"NEXT","577"
"NEXT.coin","126"
"NFT","59"
"NFX Coin","174"
"NIX","812"
"NKN","873"
"NNB Token","495"
"NOIA Network","441"
"NOIZ","430"
"NOODLE Finance","46"
"NOVA","352"
"NPCoin","452"
"NSS Coin","393"
"NXM","84"
"NaPoleonX","923"
"NairaX","294"
"Naka Bodhi Token","475"
"Namecoin","1751"
"NanTrade","76"
"Nano","1297"
"Narrative","805"
"Nasdacoin","788"
"Nash","521"
"Native Utility Token","75"
"NativeCoin","557"
"Natmin Pure Escrow","504"
"NavCoin","1750"
"Naviaddress","766"
"Ndau","78"
"Neblio","1129"
"Nebula AI","895"
"Nebulas","1053"
"Nectar","869"
"Nekonium","1045"
"NeoWorld Cash","541"
"Nerva","710"
"NerveNetwork","81"
"Nerves","275"
"Nervos Network","336"
"Nestree","403"
"NetKoin","783"
"Netbox Coin","408"
"Netko","1171"
"Netrum","515"
"Neumark","1018"
"Neural Protocol","726"
"Neuro","746"
"NeuroChain","801"
"Neuromorphic.io","81"
"Neurotoken","959"
"Neutral Dollar","352"
"Neutrino Token","14"
"Neutrino USD","270"
"Neutron","1692"
"NevaCoin","1627"
"New BitShares","42"
"New Year Bull","50"
"NewYork Exchange","413"
"NewYorkCoin","1685"
"Nework","983"
"NewsToken","762"
"Newscrypto","323"
"Newsolution","285"
"Newton","549"
"Newton Coin Project","802"
"Newtonium","63"
"Nexalt","62"
"Nexo","897"
"NextDAO","81"
"Nexty","893"
"Nexus","1748"
"Nexxo","383"
"Nibble","88"
"NiftyMoji","12"
"Nilu","84"
"Nimiq","814"
"Niobio Cash","810"
"Niobium Coin","787"
"Nitro","871"
"No BS Crypto","795"
"NoLimitCoin","1466"
"Noah Coin","696"
"Nobrainer Finance","5"
"Noir","666"
"Nokencoin","80"
"Noku","761"
"Non-Fungible Yearn","14"
"NovaDeFi","5"
"Novacoin","1749"
"NuBits","1748"
"NuCypher","14"
"NuShares","1648"
"Nucleus Vision","959"
"Nuco.cloud","50"
"Nuggets","775"
"Nuls","1083"
"Numeraire","1206"
"Nxt","1750"
"Nyan Finance","47"
"Nyerium","791"
"Nyzo","280"
"OAX","1173"
"OBIC","45"
"OBITS","1709"
"OC Protocol","26"
"ODE","79"
"ODEM","920"
"ODUWA","566"
"OFCOIN","892"
"OFIN Token","42"
"OG Fan Token","80"
"OIN Finance","53"
"OKB","525"
"OKCash","1747"
"OLXA","560"
"OMG Network","148"
"ONOToken","574"
"OOOBTC TOKEN","495"
"OP Coin","744"
"OPCoinX","774"
"ORBYT Token","74"
"ORS Group","803"
"OSA Token","81"
"OST","1030"
"OTCBTC Token","809"
"OTOCASH","548"
"OVCODE","583"
"OWL","73"
"OWL Token (StealthSwap)","14"
"OWNDATA","788"
"Oasis City","81"
"Oath Protocol","365"
"Obee Network","14"
"Obitan Chain","611"
"Observer","529"
"Obsidian","802"
"Obyte","579"
"Ocean Protocol","523"
"OceanChain","992"
"OceanEx Token","520"
"Oceanlab","840"
"OctoFi","21"
"Octoin Coin","937"
"Oculor","355"
"Odyssey","1156"
"Offshift","76"
"Oikos","79"
"Okschain","223"
"Olive","794"
"Olympic","441"
"Olympus Labs","686"
"Omega Protocol Money","51"
"Omix","846"
"Omni","1751"
"Omnitude","797"
"On.Live","823"
"Ondori","714"
"One DEX","482"
"OneLedger","823"
"OneRoot Network","997"
"OneSwap DAO Token","20"
"OnigiriSwap","12"
"Onix","1194"
"Online","317"
"Ontology","946"
"Ontology Gas","579"
"Opacity","666"
"Opal","1208"
"Open Platform","737"
"Open Predict Token","68"
"Open Trading Network","1035"
"OpenAlexa Protocol","20"
"Opennity","428"
"OptiToken","792"
"Opus","1096"
"Oracle System","42"
"OracleChain","1142"
"Oracolxor","47"
"Orbicular","69"
"Orbis Token","596"
"Orbit Chain","63"
"Orbitcoin","410"
"Orbs","562"
"Orchid","318"
"Ordocoin","530"
"Orient Walt","293"
"Origami","765"
"Origin Dollar","20"
"Origin Protocol","295"
"Origin Sport","836"
"OriginTrail","992"
"Originate Coin","78"
"Origo","498"
"Orion Protocol","84"
"Ormeus Cash","80"
"Ormeus Coin","1109"
"Ormeus Ecosystem","340"
"Ourcoin","357"
"Ouroboros","324"
"Oxycoin","678"
"P2P","46"
"P2P Global Network","498"
"PAC Global","453"
"PANTHEON X","165"
"PARETO Rewards","732"
"PARSIQ","71"
"PATHHIVE","436"
"PAWS Fund","676"
"PAX Gold","389"
"PAXEX","522"
"PAYCENT","742"
"PDATA","452"
"PENG","765"
"PEPS Coin","171"
"PERL.eco","416"
"PHANTOM","125"
"PHI Token","872"
"PHILLIPS PAY COIN","75"
"PIBBLE","588"
"PIVX","1701"
"PIXEL","450"
"PKG Token","538"
"PLAAS FARMERS TOKEN","82"
"PLANET","408"
"PLATINCOIN","743"
"PLNcoin","1342"
"POA","946"
"POP Network Token","14"
"POPCHAIN","824"
"PRASM","768"
"PRIA","5"
"PRIZM","1246"
"PROUD Money","1191"
"PROXI","70"
"PRiVCY","805"
"PTON","564"
"PUBLISH","391"
"PUBLYTO Token","555"
"PWR Coin","1218"
"PYRO Network","251"
"PYRO Network (TRON)","129"
"Pabyosi Coin","805"
"Pabyosi Coin (Special)","137"
"Pajama.Finance","15"
"Pakcoin","1682"
"Pal Network","888"
"PalletOne","689"
"Pamp Network","81"
"PancakeSwap","26"
"Pandacoin","1696"
"Pantos","80"
"Paparazzi","145"
"Parachute","470"
"Paragon","1007"
"ParallelCoin","1598"
"Paris Saint-Germain Fan Token","80"
"ParkByte","1479"
"Parkgene","878"
"ParkinGo","766"
"Particl","1181"
"Pascal","402"
"Pascal Coin","1002"
"Patientory","1221"
"Patron","864"
"Pawtocol","80"
"Paxos Standard","748"
"PayCoin","1554"
"PayDay Coin","396"
"PayFrequent USD","81"
"PayPie","1066"
"PayProtocol","228"
"Payfair","1019"
"Paymon","837"
"Paypex","1010"
"Payship","14"
"Paytomat","546"
"Pearl","53"
"Peculium","934"
"Pecunio","305"
"PeepCoin","1179"
"PeerEx","76"
"Peercoin","1750"
"Peerguess","920"
"Peerplays","1223"
"PegNet","318"
"PengolinCoin","171"
"Penta","74"
"Peony","688"
"Pepe Cash","1293"
"Percent","33"
"Permission Coin","42"
"Perpetual Protocol","48"
"Perth Mint Gold Token","222"
"Peseta Digital","1729"
"PetroDollar","1388"
"Phala Network","48"
"Phantasma","868"
"Phantasma Energy","20"
"Phantomx","1059"
"PhoenixDAO","80"
"Phoenixcoin","467"
"Phonecoin","712"
"Phore","1067"
"Photon","1322"
"Pickle Finance","47"
"PieDAO BTC++","73"
"PieDAO DEFI Small Cap","19"
"PieDAO DOUGH v2","22"
"Pigeoncoin","808"
"PikcioChain","523"
"Pillar","1177"
"Pilnette","20"
"PinkCoin","1747"
"PiplCoin","597"
"Pirate Chain","511"
"PirateCash","71"
"Pirl","1082"
"PitisCoin","404"
"Pivot Token","451"
"Pixie Coin","876"
"Pizza","80"
"Plair","617"
"PlatinumBAR","1345"
"PlatonCoin","593"
"Play Royal","72"
"PlayChip","611"
"PlayCoin [ERC20]","610"
"PlayCoin [QRC20]","684"
"PlayDapp","5"
"PlayFuel","303"
"PlayGame","662"
"PlayerCoin","570"
"Playgroundz","734"
"Playkey","1020"
"Pledge Coin","407"
"Plian","861"
"PlotX","3"
"PluraCoin","710"
"Plus-Coin","651"
"PlusOneCoin","728"
"Pluton","1463"
"PlutusDeFi","37"
"Pmeer","1"
"Po.et","1137"
"PoSW Coin","1255"
"PocketNode","234"
"Pofid Dao","47"
"PointPay","144"
"Polis","1010"
"Polkadot","65"
"Polkadot OLD","3"
"Polkastarter","21"
"Pollux Coin","67"
"PolySwarm","915"
"Polybius","1182"
"Polyient Games Governance Token","21"
"Polymath","985"
"PolypuX","82"
"PonziCoin","1410"
"Popcorn","51"
"PopularCoin","1470"
"Populous","1191"
"Porkchop","67"
"Port of DeFi Network","62"
"Portal","76"
"PosEx","1423"
"Poseidon Network","402"
"Posscoin","489"
"PostCoin","1604"
"PotCoin","1751"
"Power Ledger","1079"
"PowerBalt","84"
"PowerPool","63"
"PowerTrade Fuel","21"
"Precium","340"
"Predix Network","48"
"Presearch","1036"
"PressOne","982"
"Primalbase Token","1140"
"Primas","1138"
"Prime DAI","40"
"Prime-XI","1661"
"PrimeStone","416"
"Primecoin","1751"
"Printer.Finance","41"
"Privatix","1056"
"ProBit Token","393"
"ProChain","1030"
"ProCurrency","1060"
"Profile Utility Token","993"
"Project Coin","649"
"Project Pai","831"
"Project WITH","349"
"Project-X","1218"
"Prometeus","450"
"Promotion Coin","783"
"Proof Of Liquidity","76"
"Props Token","82"
"Propy","1120"
"Proton","194"
"Proton Token","816"
"Provoco Token","709"
"Proxeus","761"
"ProximaX","794"
"ProxyNode","653"
"PumaPay","795"
"Pumpanomics","11"
"Pundi X","937"
"Pundi X NEM","795"
"Pura","1315"
"PureVidz","1235"
"Purex","372"
"Puriever","21"
"PutinCoin","1545"
"Pylon Finance","44"
"Pylon Network","999"
"PyrexCoin","322"
"Pyrk","159"
"Pyrrhos Gold","177"
"Q DAO Governance token v1.0","472"
"QANplatform","79"
"QASH","1057"
"QCash","321"
"QChi","707"
"QChi Chain","20"
"QLC Chain","1020"
"QOOBER","15"
"QPay","266"
"QUEENBEE","223"
"QUINADS","642"
"QURA GLOBAL","287"
"QURAS","250"
"QUSD","575"
"QYNO","737"
"Qbao","1039"
"Qbic","988"
"Qredit","570"
"Qtum","1236"
"QuadrantProtocol","671"
"Quant","795"
"Quanta Utility Token","643"
"Quantis Network","734"
"Quantstamp","1058"
"Quantum Resistant Ledger","1225"
"Quark","1641"
"QuarkChain","862"
"Quasarcoin","739"
"Qube","976"
"Qubitica","768"
"Quebecoin","1395"
"QuickX Protocol","526"
"Quish Coin","84"
"QuiverX","5"
"Quiztok","179"
"QunQun","1006"
"Quotient","1621"
"Qurito","347"
"Qwertycoin","517"
"RAKSUR","204"
"RAKUN","218"
"RAMP","5"
"RChain","1087"
"REAL","1046"
"REBIT","173"
"REBL","868"
"RED","870"
"REPO","870"
"REVV","48"
"RI Token","21"
"RING X PLATFORM","83"
"RMPL","77"
"ROAD","291"
"ROIyal Coin","645"
"ROMToken","488"
"ROOBEE","368"
"ROONEX","76"
"ROS Coin","84"
"RPICoin","722"
"RRCoin","689"
"RSK Infrastructure Framework","631"
"RSK Smart Bitcoin","635"
"RUSH","5"
"RabbitCoin","1174"
"Radium","1728"
"Ragnarok","738"
"Raiden Network Token","1072"
"Raise","266"
"Rakon","309"
"Rally","360"
"Rapids","731"
"Rapidz","366"
"Rarible","81"
"Rate3","837"
"Ratecoin","1622"
"Raven Protocol","478"
"Ravencoin","939"
"Ravencoin Classic","83"
"ReFork","62"
"Read","936"
"Reakoin","15"
"RealChain","992"
"RealTract","757"
"Realio Network","83"
"Receive Access Ecosystem","248"
"Red Box Dapp Token","70"
"Red Pulse Phoenix","1076"
"RedFOX Labs","497"
"Redd","1691"
"ReddCoin","52"
"RefToken","960"
"Refereum","954"
"Regalcoin","1049"
"Release Project","81"
"Relevant","76"
"Relex","795"
"Remme","959"
"Ren","628"
"Render Token","80"
"Renewable Electronic Energy Coin","495"
"RentApp","25"
"Rentberry","911"
"Repme","379"
"Request","592"
"Reserve","61"
"Reserve Rights","509"
"Resistance","78"
"Resoper","40"
"Restart Energy MWAT","965"
"Revain","1079"
"RevolutionVR","1293"
"Rewardiqa","83"
"Rhenium","458"
"RightMesh","787"
"RigoBlock","81"
"Rimbit","1640"
"RioDeFi","26"
"Ripio Credit Network","1081"
"Ripple Alpha","78"
"Rise","1565"
"Ritocoin","183"
"Rivermount","79"
"Rivetz","1098"
"Rivex","167"
"RoBET","663"
"RoboCalls","554"
"Robonomics Web Services","81"
"Robonomics.network","81"
"Robotina","754"
"Rocket Pool","638"
"Rope","21"
"Rotharium","763"
"Rotten","14"
"RouletteToken","1048"
"Rowan Token","84"
"Rozeus","80"
"Rubic","14"
"Rubies","1566"
"Rublix","859"
"Rubycoin","1702"
"Ruff","990"
"Rug","41"
"Runners","583"
"Rupaya","1157"
"Rupee","1178"
"Rupiah Token","388"
"Ruze Finance","65"
"Ryo Currency","813"
"S.Finance","21"
"S4FE","612"
"SAFE DEAL","26"
"SAFE2","21"
"SAKECOIN","324"
"SALT","1108"
"SBank","309"
"SCC DIGforIT","73"
"SCRIV NETWORK","737"
"SDChain","371"
"SDUSD","286"
"SEER","808"
"SENSO","171"
"SF Capital","545"
"SHENG","76"
"SHIBA INU","73"
"SHIELD","1075"
"SHPING","565"
"SIBCoin","1746"
"SIGMAcoin","871"
"SIMBA Storage Token","77"
"SIMDAQ","524"
"SINERGIA","179"
"SINOVATE","507"
"SIRIN LABS Token","1019"
"SIX","752"
"SKINCHAIN","171"
"SOLBIT","252"
"SOLVE","614"
"SOMESING","156"
"SONDER","647"
"SONM","1211"
"SONO","1027"
"SPIDER VPS","215"
"SPIN Protocol","454"
"SPINDLE","860"
"SRCOIN","864"
"SSS Finance","46"
"STABLE ASSET","53"
"STASIS EURO","417"
"STATERA","81"
"STEM CELL COIN","593"
"STK","980"
"STK Coin","216"
"STONK","80"
"STPAY","84"
"STRAKS","1019"
"SUKU","82"
"SUN","48"
"SUP","14"
"SUQA","205"
"SWAG Finance","14"
"SWYFT","251"
"SYB Coin","62"
"SaTT","21"
"SableAssent","3"
"Safari","18"
"Safe","517"
"Safe Haven","558"
"SafeCapital","328"
"SafeCoin","516"
"SafeInsure","746"
"SafePost","80"
"Safex Cash","359"
"Safex Token","518"
"Saga","264"
"SakeToken","37"
"Sakura Bloom","874"
"SalPay","707"
"SalmonSwap","53"
"SaluS","1715"
"Samurai","21"
"Santiment Network Token","1190"
"Sapien","766"
"SappChain","205"
"Sapphire","218"
"Sashimi","47"
"SatoExchange Token","185"
"Satopay Network","62"
"Satoshivisioncoin","75"
"Save Environment Token","551"
"Save and Gain","1303"
"SaveNode","765"
"SaveToken","74"
"ScPrime","254"
"Scala","417"
"Scanetchain","571"
"Schain Wallet","66"
"Schilling-Coin","304"
"Scopuly","422"
"Scopuly Coin","153"
"Scopuly Coin (SCOP)","6"
"Scorum Coins","798"
"Scry.info","991"
"Scrypta","82"
"SeChain","75"
"Seal Finance","14"
"Seal Network","745"
"SealBlock Token","149"
"Sealchain","205"
"Secret","26"
"SecretCoin","1085"
"Secrets of Zurich","330"
"Secure Cash","241"
"SecureCoin","1349"
"Seele-N","866"
"Seigniorage Shares","49"
"SelfSell","996"
"Selfkey","1003"
"Semitoken","53"
"Semux","804"
"SendVibe","68"
"Sense","932"
"Sentient Coin","926"
"Sentinel","910"
"Sentinel Chain","919"
"Sentinel Protocol","852"
"Sentivate","521"
"Sergey Save Link","14"
"Serum","70"
"Sesameseed","74"
"Sessia","408"
"Sether","520"
"Sexcoin","615"
"Shadow Token","1055"
"Shard","406"
"Sharder","889"
"Shardus","81"
"ShareToken","337"
"ShareX","908"
"Sharpay","726"
"Sharpe Platform Token","625"
"Shekel","723"
"SherLOCK Security","3"
"Shift","1749"
"Shill & Win","19"
"ShineChain","749"
"ShipChain","948"
"Shivers","535"
"ShopZcoin","370"
"Show","792"
"ShowHand","782"
"Shrimp Finance","42"
"Shroom.Finance","53"
"SiaCashCoin","789"
"Siacoin","1741"
"Sierracoin","184"
"Signals Network","807"
"Signatum","1010"
"Signature Chain","181"
"Silent Notary","869"
"Silverway","464"
"Simmitri","705"
"Simone","403"
"Simple Software Solutions","159"
"SimpleChain","84"
"Single Collateral DAI","216"
"SingularDTV","1468"
"SingularityNET","998"
"SixEleven","1064"
"Skillchain","155"
"SkinCoin","1169"
"Skrumble Network","884"
"SkyHub Coin","695"
"SkyMap","151"
"Skychain","662"
"Skycoin","1276"
"Small Love Potion","81"
"SmartCash","1183"
"SmartCoin","1593"
"SmartFox","290"
"SmartMesh","1034"
"Smartlands Network","979"
"Smartshare","848"
"Smartup","472"
"SmileyCoin","1709"
"Smol","21"
"SnapCoin","508"
"Snetwork","730"
"SnipCoin","606"
"SnodeCoin","708"
"Snovian.Space","981"
"SnowGem","824"
"SoMee.Social","1017"
"SoPay","794"
"Social Activity Token","631"
"Social Lending Token","773"
"Social Send","1044"
"SocialCoin","1169"
"SocialGood","74"
"Sociall","1036"
"Soda Coin","249"
"Soda Token","15"
"Soft Link","67"
"Sogur","14"
"Sola Token","566"
"Solana","185"
"SolarCoin","1749"
"Solaris","1293"
"Sologenic","229"
"Soma","762"
"Sombe","244"
"SongCoin","1713"
"SonoCoin","189"
"SophiaTX","1026"
"Sora","81"
"SorachanCoin","26"
"SounDAC","1402"
"Soverain","397"
"SovranoCoin","193"
"Sp8de","598"
"SpaceChain","1000"
"Spaceswap MILK2","14"
"Spaceswap SHAKE","14"
"Spaghetti","59"
"SpankChain","1052"
"Sparkle Loyalty","562"
"Sparkpoint","509"
"SparksPay","608"
"Sparkster","469"
"Spartan Protocol","25"
"Spectiv","912"
"Spectre.ai Dividend Token","992"
"Spectre.ai Utility Token","1001"
"SpectreSecurityCoin","298"
"Spectrum","572"
"SpectrumCash","621"
"SpectrumNetwork","201"
"Speed Mining Service","466"
"SpeedCash","1226"
"Spendcoin","753"
"Sperax","61"
"Sphere","1731"
"Spice","184"
"Spiking","453"
"Spockchain Network","228"
"SpokLottery","17"
"Spore","5"
"Sport and Leisure","499"
"SportyCo","909"
"SpreadCoin","1672"
"Sprouts","134"
"Squirrel Finance","46"
"Stabilize","14"
"StableXSwap","5"
"Stably USD","603"
"Stafi","48"
"StakeCubeCoin","501"
"Stakenet","916"
"Staker","684"
"Stakinglab","585"
"Standard Crypto Fund","27"
"Standard Tokenization Protocol","484"
"StarChain","976"
"StarCoin","884"
"StarCurve","33"
"Starbase","963"
"Starname","26"
"Starta","890"
"Startcoin","1722"
"StarterCoin","903"
"Status","1203"
"Steaks Finance","12"
"Stealth","1748"
"Steem","1635"
"Steem Dollars","1548"
"SteepCoin","733"
"Stellar","1746"
"Stellar Classic","176"
"Stellar Gold","495"
"StellarPay","310"
"StellarPayGlobal","207"
"Stipend","916"
"Stobox Token","21"
"StockChain","905"
"Storeum","333"
"Storiqa","941"
"Storj","1199"
"StormX","83"
"Stox","1159"
"Stratis","1521"
"Stream Protocol","5"
"Streamit Coin","414"
"Streamity","173"
"Streamr","174"
"Strong","77"
"StrongHands","506"
"StrongHands Masternode","645"
"Stronghold Token","605"
"Student Coin","1030"
"Substratum","1110"
"Sudan Gold Coin","178"
"Sugar Exchange","660"
"Sumcoin","84"
"Sumokoin","1229"
"SunContract","1191"
"Super Bitcoin","1036"
"Super Running Coin","74"
"Super Zero","307"
"Super Zero Protocol","78"
"SuperCoin","1299"
"SuperEdge","757"
"SuperSkynet","221"
"SuperSwap","11"
"Superior Coin","845"
"SureRemit","865"
"Suretly","1130"
"SushiSwap","55"
"Swace","433"
"Swap","542"
"SwapShip","21"
"Swapcoinz","353"
"Swapfolio","53"
"Swapzilla","167"
"Swarm","964"
"Swarm City","1315"
"Swerve","54"
"SwftCoin","1011"
"SwiftCash","518"
"Swing","1671"
"Swingby","80"
"Swipe","414"
"Swirge","5"
"SwissBorg","985"
"Swisscoin","675"
"Switch","179"
"Switcheo","930"
"Sylo","80"
"SymVerse","313"
"SyncFab","897"
"SynchroBitcoin","228"
"Synergy","1555"
"Synthetix","946"
"Syscoin","1745"
"T.OS","634"
"TAGZ5","324"
"TAI","53"
"TCASH","481"
"TCOIN","757"
"TE-FOOD","950"
"TEAM (TokenStars)","875"
"TEMCO","608"
"TENA","658"
"TERA","511"
"THC","78"
"THECASH","75"
"THEKEY","980"
"THENODE","300"
"THETA","994"
"THORChain","451"
"TILWIKI","206"
"TKN Token","14"
"TLS Token","65"
"TNC Coin","177"
"TOKOK","480"
"TOKPIE","372"
"TOKYO","950"
"TON Crystal","5"
"TON Token","53"
"TOP","568"
"TOPBTC Token","80"
"TRAXIA","853"
"TRON","1123"
"TRONCLASSIC","739"
"TRONbetDice","75"
"TRONbetLive","53"
"TROY","328"
"TRUNK COIN","148"
"TRXDOWN","48"
"TRXUP","48"
"TTC","442"
"TUNE TOKEN","75"
"TV-TWO","650"
"TW Token","75"
"TYCOON69","84"
"TaaS","1235"
"Tachyon Protocol","300"
"Tacos","75"
"Tael","1035"
"TagCoin","1648"
"TajCoin","1447"
"Taklimakan Network","378"
"Tamy Token","21"
"Tap","310"
"Target Coin","568"
"Tarush","394"
"Tavittcoin","14"
"Tcbcoin","21"
"Tchain","391"
"Team Finance","46"
"TeeCoin","198"
"Telcoin","1001"
"Tellor","345"
"Tellurion","1050"
"Telos","398"
"Teloscoin","718"
"Temtum","84"
"TenSpeed Finance","5"
"TenX","1205"
"Tendies","80"
"Tepleton","373"
"Ternio","838"
"Ternio-ERC20","21"
"Terra","273"
"Terra SDT","78"
"TerraCredit","451"
"TerraKRW","282"
"TerraNova","1190"
"Terracoin","1746"
"Tesra","365"
"Tether","1750"
"Tether Gold","258"
"Tezos","1105"
"Thar Token","407"
"The ChampCoin","1153"
"The Currency Analytics","605"
"The Forms","47"
"The Hash Speed","53"
"The Hustle App","242"
"The Midas Touch Gold","732"
"The Sandbox","76"
"The Tokenized Bitcoin","111"
"The Transfer Token","180"
"The global index chain","172"
"Themis","780"
"Theresa May Coin","1180"
"Theta Fuel","563"
"ThingsOperatingSystem","791"
"Thingschain","786"
"Thirm Protocol","10"
"Thisoption","21"
"Thore Cash","790"
"ThoreCoin","774"
"ThoreNext","508"
"Thorium","76"
"ThreeFold Token","75"
"Thrive Token","813"
"Thunder Token","518"
"Ti-Value","764"
"Tide Protocol","69"
"TideBit Token","74"
"Tidex Token","956"
"Tierion","1144"
"Ties.DB","1002"
"TigerCash","556"
"Time New Bank","1051"
"TimeMiner","56"
"Timers","14"
"Titan Coin","523"
"TitanSwap","22"
"Titcoin","1681"
"Tixl","325"
"Tixl [NEW]","47"
"ToaCoin","1180"
"Toast.finance","60"
"Tokamak Network","62"
"Token CashPay","13"
"TokenBacon","47"
"TokenClub","1006"
"TokenDesk","890"
"TokenPay","924"
"TokenPocket","80"
"Tokenbox","984"
"Tokenize Xchange","21"
"Tokenomy","948"
"Tokens of Babel","69"
"Tokes","1128"
"Tokoin","404"
"Tolar","736"
"TomoChain","945"
"TopChain","985"
"TopCoinFX","13"
"Toqqn","125"
"Torex","170"
"Toshify.finance","14"
"Touch Social","67"
"TouchCon","504"
"Tourist Token","802"
"TraDove B2BCoin","890"
"Traceability Chain","771"
"Tracto","864"
"Trade Token X","660"
"Tradeplus","308"
"Trading Membership Community","21"
"Traid","394"
"TrakInvest","709"
"Transcodium","887"
"TransferCoin","1747"
"TranslateMe Network Token","439"
"Tratin","483"
"Tratok","498"
"Travala.com","871"
"Travel1Click","56"
"TravelNote","637"
"Travelflex","592"
"Treecle","79"
"Treelion","345"
"Trendering","79"
"Trexcoin","184"
"TrezarCoin","1113"
"Trias","495"
"Tribute","47"
"Trident Group","490"
"TriipMiles","62"
"Trinity Network Credit","993"
"Tripio","885"
"Trittium","821"
"TriumphX","46"
"Trollcoin","1702"
"TronEuropeRewardCoin","76"
"Tronipay","489"
"TrueChain","995"
"TrueDeck","719"
"TrueFeedBack","389"
"TrueFlip","1141"
"TrueUSD","953"
"TrueVett","247"
"Truegame","812"
"Trump Loses Token","74"
"Trump Wins Token","76"
"TrumpCoin","1684"
"Trust Wallet Token","81"
"TrustDAO","81"
"TrustNote","774"
"TrustSwap","84"
"TrustVerse","452"
"TurtleNetwork","351"
"Turtlecoin","818"
"Tutor's Diary","363"
"Tweebaa","211"
"Twinkle","769"
"Two Prime FF1 Token","184"
"TwoKeyEconomy","6"
"Typerium","712"
"U Network","911"
"UBU","179"
"UCA Coin","189"
"UCROWDME","84"
"UCX FOUNDATION","73"
"UChain","749"
"UGAS","542"
"UMA","155"
"UNI COIN","451"
"UNICORE","2"
"UNICORN Token","364"
"UNIFI DeFi","21"
"UNII Finance","21"
"UNIVERSAL CASH","962"
"UNUS SED LEO","509"
"UOS Network","371"
"USD Coin","740"
"USDA","305"
"USDCoin","508"
"USDG","16"
"USDJ","83"
"USDK","445"
"USDQ","482"
"USDX","285"
"USDX [Lighthouse]","70"
"UTEMIS","474"
"UTRUST","1019"
"Ubcoin Market","624"
"Ubex","789"
"Ubiner","3"
"Ubiq","1738"
"Ubique Chain Of Things","777"
"Ubricoin","226"
"Ulgen Hash Power","80"
"Ulord","770"
"Ultiledger","645"
"Ultimate Secure Cash","1209"
"UltrAlpha","303"
"Ultra","446"
"Ultra Clear","26"
"Ultra Salescloud","295"
"UltraNote Infinity","798"
"Ultragate","194"
"UniDexBot","36"
"UniDollar","77"
"UniFi Protocol","46"
"UniGraph","73"
"UniLayer","71"
"UniLend","15"
"UniPower","78"
"Unibomb","69"
"Unibright","875"
"Unicrypt","80"
"Unification","547"
"Uniform Fiscal Object","1303"
"Unify","1209"
"Unikoin Gold","1062"
"Unimonitor","52"
"Union Fair Coin","80"
"Unipump","43"
"Uniris","53"
"Unisocks","42"
"Unistake","3"
"Uniswap","43"
"Unit Protocol","78"
"United Bitcoin","1032"
"United Bull Traders","144"
"United Token","5"
"United Traders Token","994"
"Unitrade","82"
"UnityDAO","20"
"Universa","971"
"Universal Currency","1665"
"Universal Liquidity Union","43"
"Universal Protocol Token","167"
"UniversalEnergyChain","76"
"Universe","1275"
"Unknown Fair Object","210"
"UnlimitedIP","986"
"Unobtanium","1749"
"Unochain","236"
"UpBots","42"
"UpToken","935"
"Upfiring","1056"
"Upper Dollar","51"
"Upper Euro","53"
"Uptrennd","429"
"Uquid Coin","1035"
"UralsCoin","439"
"Uranus","442"
"Usechain Token","747"
"Utrum","886"
"V-Dimension","535"
"VARC","145"
"VEHICLE DATA ARTIFICIAL INTELLIGENCE PLATFORM","152"
"VENA","388"
"VENJOCOIN","496"
"VERA","325"
"VIBE","1112"
"VIDT Datalink","557"
"VIDY","404"
"VIG","75"
"VINchain","802"
"VIT","49"
"VITE","821"
"VIVO","803"
"VN Token","78"
"VNDC","356"
"VNT Chain","496"
"VNX Exchange","321"
"VOMER","260"
"VULCANO","782"
"Va Na Su","46"
"Valobit","49"
"Valor Token","529"
"Value Liquidity","14"
"ValueChain","661"
"Valuto","725"
"Vampire Protocol","20"
"Vanta Network","553"
"Vanywhere","168"
"VeChain","801"
"VeThor Token","791"
"VectorAI","1069"
"Vectorium","50"
"Vectorspace AI","326"
"VegaWallet Token","606"
"Veil","564"
"Velas","379"
"Veles","247"
"Velo","21"
"Veltor","1352"
"Venus","15"
"VeraOne","173"
"Verasity","558"
"Verge","1745"
"VeriBlock","561"
"VeriCoin","1749"
"VeriDocGlobal","774"
"VeriME","615"
"VeriSafe","570"
"Verify","987"
"Veritaseum","1223"
"VeriumReserve","1487"
"Veros","1390"
"Versess Coin","378"
"Version","1128"
"Vertcoin","1750"
"VerusCoin","84"
"VestChain","702"
"Vesta Protocol","52"
"Vether","58"
"Vetri","708"
"Vexanium","805"
"Vezt","839"
"Viacoin","1750"
"Viberate","1104"
"Vid","186"
"VideoCoin","413"
"Vidulum","157"
"Vidya","68"
"View","720"
"VikkyToken","796"
"VinDax Coin","458"
"Vinci","338"
"Vipstar Coin","897"
"Virtacoin","1327"
"Vision","59"
"Vision Industry Token","355"
"Vision Network","78"
"VisionX","520"
"Vitae","790"
"ViteX Coin","239"
"Vites","592"
"Viuly","676"
"Vivid Coin","757"
"Vodi X","503"
"Voice Token","5"
"Voise","1094"
"Volt","783"
"Voltz","349"
"Volume Network","426"
"VoteCoin","1057"
"VouchForMe","994"
"Vox.Finance","5"
"Voyager Token","360"
"Vsync","736"
"Vybe","47"
"W Green Pay","507"
"WABnetwork","801"
"WAX","1023"
"WEBN token","584"
"WELL","146"
"WETH","983"
"WHALE","68"
"WHEN Token","533"
"WINCOIN","1001"
"WINk","442"
"WITChain","725"
"WIZBL","638"
"WOLLO","607"
"WOM Protocol","220"
"WONCOIN","12"
"WPP TOKEN","520"
"WXCOINS","744"
"Wagerr","1199"
"Waifu Token","76"
"Waletoken","699"
"Wallabee","78"
"Wallet Plus X","256"
"Walletreum","41"
"Walnut.finance","45"
"Waltonchain","1144"
"Wanchain","929"
"WandX","969"
"Waves","1591"
"Waves Community Token","1337"
"Waves Enterprise","279"
"WavesGo","1063"
"Wavesbet","288"
"WaykiChain","1004"
"WaykiChain Governance Coin","84"
"WazirX","265"
"WeBlock","5"
"WeOwn","898"
"WePower","978"
"WeShow Token","707"
"WeSing Coin","74"
"WeToken","659"
"WeTrust","1268"
"Web Coin Pay","77"
"WebDollar","547"
"Webchain","389"
"Webcoin","799"
"Webflix Token","477"
"Wenburn","55"
"White Standard","414"
"WhiteCoin","1724"
"WhiteRockCasino","61"
"Whole Network","380"
"WiBX","179"
"Wibson","259"
"Wiki Token","776"
"Wild Beast Block","1641"
"WinCash","247"
"WinPlay Token","37"
"WinStars.live","442"
"WinToken","435"
"Winco","633"
"Winding Tree","789"
"Wing","47"
"WingShop","76"
"Wings","1374"
"Wink","955"
"Wirex Token","457"
"Wisdom Chain","264"
"Wispr","259"
"Wixlar","742"
"Wolfs Group","223"
"WomenCoin","803"
"Work Force Coin","77"
"WorldCoin","1275"
"Worldcore","1019"
"WowSecret","297"
"Wowbit","828"
"Wownero","156"
"Wrapped BNB","12"
"Wrapped Bitcoin","610"
"Wrapped LEO","11"
"Wrapped NXM","11"
"Wrapped Origin Axie","14"
"X-Block","75"
"X-Cash","751"
"X-Coin","1594"
"X12 Coin","713"
"X8X Token","779"
"XDAG","182"
"XDNA","795"
"XEL","1206"
"XFUEL","76"
"XGOX","1091"
"XIO","158"
"XMCT","813"
"XMax","852"
"XOVBank","790"
"XPA","965"
"XRP","1745"
"XRPDOWN","48"
"XRPUP","48"
"XSwap","25"
"XTRABYTES","998"
"XTRD","731"
"XTRM COIN","79"
"XTZDOWN","48"
"XTZUP","48"
"XYO","626"
"Xank","80"
"Xaurum","1747"
"Xaya","176"
"XcelToken Plus","383"
"Xchange","684"
"XeniosCoin","287"
"Xenon","172"
"Xenoverse","428"
"Xensor","368"
"Xeonbit","26"
"Xeonbit Token","20"
"Xfinance","47"
"XinFin Network","908"
"Xiotri","70"
"Xplosive Ethereum","41"
"Xriba","764"
"Xrpalike Gene","78"
"Xtake","58"
"Xtock","530"
"Xuez","576"
"YAM V1","50"
"YAM V2","70"
"YAM V3","21"
"YAS","76"
"YEARN2.FINANCE","47"
"YEE","995"
"YENTEN","978"
"YEP COIN","27"
"YF Link","77"
"YFA Finance","53"
"YFARM Token","46"
"YFDAI.FINANCE","50"
"YFE Money","20"
"YFED.Finance","10"
"YFFII Finance","49"
"YFFS Finance","53"
"YFI CREDITS GROUP","3"
"YFIA","5"
"YFIBusiness","53"
"YFIEXCHANGE.FINANCE","69"
"YFII Gold","20"
"YFIKING,FINANCE","20"
"YFISCURITY","52"
"YFIVE FINANCE","53"
"YFIX Finance","21"
"YFMoonBeam","20"
"YFMoonshot","41"
"YFOS.finance","21"
"YFOX FINANCE","14"
"YFPRO Finance","14"
"YFUEL","46"
"YFValue","63"
"YFarmLand Token","19"
"YFi Management","5"
"YGGDRASH","720"
"YMAX","19"
"YMPL","70"
"YOU COIN","790"
"YOUengine","20"
"YOYOW","1147"
"YUGE","43"
"YUKI","700"
"YUNo.finance","41"
"YUSRA","22"
"Yakuza DAO","18"
"Yakuza DFO","26"
"Yap Stone","352"
"Ycash","210"
"YeaFinance","20"
"Yearn Finance Bit","21"
"Yearn Finance DOT","14"
"Yearn Finance Ecosystem","21"
"Yearn Finance Farm","16"
"Yearn Finance Passive Income","21"
"Yearn Finance Protocol","48"
"Yearn Land","18"
"Yearn-finance Infrastructure Labs","13"
"Yearn4 Finance","21"
"Yefam.Finance","42"
"Yeld Finance","49"
"Yfscience","14"
"Yield Breeder DAO","67"
"Yield Farming Known as Ash","43"
"Yield Farming Token","50"
"Yield Stake Finance","47"
"Yield-Farming","53"
"YieldWars","20"
"Ymen.Finance","47"
"Yobit Token","399"
"Yocoin","1727"
"Yoink","21"
"YoloCash","780"
"YottaChain","421"
"YouLive Coin","742"
"Ystar","84"
"Yuan Chain Coin","781"
"ZAC Finance","21"
"ZB Token","743"
"ZBG Token","222"
"ZClassic","1436"
"ZCore","796"
"ZCore Token","152"
"ZENZO","417"
"ZEON","571"
"ZIMBOCASH","156"
"ZINC","773"
"ZMINE","792"
"ZOM","72"
"ZPER","806"
"ZTCoin","265"
"ZUM TOKEN","357"
"ZVCHAIN","368"
"ZYX","84"
"Zano","285"
"Zap","1003"
"Zayedcoin","1312"
"Zcash","1442"
"Zcoin","1463"
"Zealium","684"
"Zeb Token","18"
"Zebi Token","360"
"Zeedex","47"
"Zeepin","990"
"Zeitcoin","1722"
"Zel","462"
"ZelaaPayAE","81"
"Zelerius","198"
"Zelwin","159"
"Zen Protocol","786"
"ZenSports","75"
"Zenfuse","14"
"Zennies","1133"
"Zenon","488"
"Zenswap Network Token","713"
"Zero","1305"
"Zero Utility Token","21"
"ZeroSwap","5"
"Zerobank","426"
"Zetacoin","1740"
"ZeusNetwork","708"
"Zeusshield","1091"
"ZeuxCoin","407"
"Ziktalk","74"
"Zilla","974"
"Zilliqa","987"
"Zipper","867"
"Zippie","842"
"ZoZoCoin","606"
"Zoomba","690"
"ZrCoin","1218"
"Zuflo Coin","249"
"ZumCoin","377"
"Zurcoin","1337"
"Zynecoin","298"
"Zyro","47"
"[deprecated] Polkadot","350"
"adToken","1198"
"adbank","971"
"aelf","1030"
"apM Coin","307"
"bXIOT","21"
"bZx Protocol","89"
"bZx Vesting Token","80"
"bitBTC","1561"
"bitCEO","518"
"bitCNY","1739"
"bitEUR","1548"
"bitGold","1463"
"bitJob","77"
"bitSilver","1474"
"bitUSD","1701"
"bitcoin2network","254"
"bitqy","702"
"botXcoin","546"
"cVault.finance","26"
"carVertical","992"
"dForce","81"
"dForce GOLDx","60"
"dForce USDx","293"
"dHedge DAO","42"
"dKargo","82"
"dRAY","37"
"dXIOT","5"
"deCraft Finance","12"
"dietbitcoin","195"
"district0x","1165"
"e-Chat","645"
"e-Gulden","1729"
"eBitcoin","1068"
"eBoost","1227"
"eSDChain","520"
"eToro Euro","52"
"eToro New Zealand Dollar","51"
"eToro Pound Sterling","51"
"eXPerience Chain","594"
"ebakus","351"
"empowr coin","133"
"eosBLACK","742"
"eosDAC","908"
"happy birthday coin","18"
"hybrix","76"
"i9 Coin","48"
"iBTC","790"
"iBTC (Synthetix)","74"
"iBank","1130"
"iCherry Finance","20"
"iDeFi","72"
"iDealCash","670"
"iETH","73"
"iEthereum","1071"
"iExec RLC","1272"
"iLINK","13"
"iOWN Token","172"
"iQuant","572"
"iTicoin","1151"
"imbrex","1048"
"inSure DeFi","296"
"indaHash","989"
"intexcoin","81"
"ioeX","417"
"junca Cash","53"
"mStable USD","81"
"megaBONK","85"
"nDEX","724"
"nOS","659"
"onLEXpa","275"
"pEOS","506"
"pNetwork","84"
"pTokens BTC","177"
"qiibee","451"
"renBTC","81"
"sADA","70"
"sBCH","51"
"sBNB","69"
"sBTC","150"
"sCEX","59"
"sDEFI","75"
"sETH","76"
"sLINK","74"
"sTRX","68"
"sUSD","820"
"sXAG","73"
"sXAU","73"
"sXMR","66"
"sXRP","72"
"sXTZ","70"
"savedroid","779"
"smARTOFGIVING","744"
"snglsDAO","80"
"suterusu","343"
"tomatos.finance","11"
"uPlexa","601"
"ugChain","679"
"v.systems","582"
"vSlice","1266"
"vSportCoin","743"
"wave edu coin","371"
"weBloc","178"
"win.win","373"
"wys Token","699"
"x42 Protocol","396"
"xBTC","14"
"xCrypt Token","371"
"xDai","159"
"xEURO","377"
"xscoin","84"
"yAxis","21"
"yRise Finance","5"
"yTSLA Finance","21"
"yearn.finance","84"
"yearn.finance II","81"
"yfBeta","53"
"yffc.finance","47"
"yffi finance","81"
"yfrb.Finance","6"
"yieldfarming.insure","39"
"zzz.finance","75"